%time,field.header.seq,field.header.stamp,field.header.frame_id,field.latitude,field.longitude,field.altitude,field.utm_easting,field.utm_northing,field.zone,field.letter,field.quality
1645222740077651959,7,1645222740075214862,gps_data,42.33712666666667,-71.09060166666667,12.1,327774.6125219299,4689324.768593111,19,T,4
1645222741064328369,8,1645222741062655448,gps_data,42.33712666666667,-71.09060166666667,12.1,327774.6125219299,4689324.768593111,19,T,4
1645222742078970942,9,1645222742075706958,gps_data,42.33712666666667,-71.09060166666667,12.1,327774.6125219299,4689324.768593111,19,T,4
1645222743069366712,10,1645222743067831516,gps_data,42.33712666666667,-71.09060166666667,12.1,327774.6125219299,4689324.768593111,19,T,4
1645222744077232541,11,1645222744075140237,gps_data,42.33712666666667,-71.09060166666667,12.1,327774.6125219299,4689324.768593111,19,T,4
1645222745067094985,12,1645222745064907073,gps_data,42.33712666666667,-71.09060166666667,12.1,327774.6125219299,4689324.768593111,19,T,4
1645222746059304048,13,1645222746058731079,gps_data,42.33712666666667,-71.09060166666667,12.2,327774.6125219299,4689324.768593111,19,T,4
1645222747071489797,14,1645222747069935798,gps_data,42.33712666666667,-71.09060166666667,12.2,327774.6125219299,4689324.768593111,19,T,4
1645222748061351643,15,1645222748059222459,gps_data,42.33712666666667,-71.09060166666667,12.2,327774.6125219299,4689324.768593111,19,T,4
1645222749072018284,16,1645222749070886373,gps_data,42.33712666666667,-71.09060166666667,12.1,327774.6125219299,4689324.768593111,19,T,4
1645222750067983614,17,1645222750065791606,gps_data,42.33712666666667,-71.09060166666667,12.1,327774.6125219299,4689324.768593111,19,T,4
1645222751079267286,18,1645222751077768087,gps_data,42.33712666666667,-71.09060166666667,12.1,327774.6125219299,4689324.768593111,19,T,4
1645222752074083957,19,1645222752072242736,gps_data,42.33712666666667,-71.09060166666667,12.1,327774.6125219299,4689324.768593111,19,T,4
1645222753070274941,20,1645222753069263458,gps_data,42.33712666666667,-71.09060166666667,12.1,327774.6125219299,4689324.768593111,19,T,4
1645222754081780611,21,1645222754081239700,gps_data,42.33712666666667,-71.09060166666667,12.1,327774.6125219299,4689324.768593111,19,T,4
1645222755072172166,22,1645222755070072650,gps_data,42.33712666666667,-71.09060166666667,12.1,327774.6125219299,4689324.768593111,19,T,4
1645222756064488607,23,1645222756062165021,gps_data,42.33712666666667,-71.09060166666667,12.1,327774.6125219299,4689324.768593111,19,T,4
1645222757075354782,24,1645222757074491500,gps_data,42.33712666666667,-71.09060166666667,12.1,327774.6125219299,4689324.768593111,19,T,4
1645222758069064308,25,1645222758066596269,gps_data,42.33712666666667,-71.09060166666667,12.1,327774.6125219299,4689324.768593111,19,T,4
1645222759081860978,26,1645222759080029964,gps_data,42.33712666666667,-71.09060166666667,12.2,327774.6125219299,4689324.768593111,19,T,4
1645222760067862880,27,1645222760066261291,gps_data,42.33712666666667,-71.09060166666667,12.2,327774.6125219299,4689324.768593111,19,T,4
1645222761060339152,28,1645222761059314489,gps_data,42.33712666666667,-71.09060166666667,12.2,327774.6125219299,4689324.768593111,19,T,4
1645222762075297194,29,1645222762072561979,gps_data,42.33712666666667,-71.09060166666667,12.2,327774.6125219299,4689324.768593111,19,T,4
1645222763066157748,30,1645222763064445018,gps_data,42.33712666666667,-71.09060166666667,12.1,327774.6125219299,4689324.768593111,19,T,4
1645222764079651762,31,1645222764078113555,gps_data,42.33712666666667,-71.09060166666667,12.1,327774.6125219299,4689324.768593111,19,T,4
1645222765073177954,32,1645222765071854829,gps_data,42.33712666666667,-71.09060166666667,12.1,327774.6125219299,4689324.768593111,19,T,4
1645222766068625804,33,1645222766065998077,gps_data,42.33712666666667,-71.09060166666667,12.1,327774.6125219299,4689324.768593111,19,T,4
1645222767061509939,34,1645222767059164762,gps_data,42.33712666666667,-71.09060166666667,12.1,327774.6125219299,4689324.768593111,19,T,4
1645222768071345621,35,1645222768070472478,gps_data,42.33712666666667,-71.09060166666667,12.1,327774.6125219299,4689324.768593111,19,T,4
1645222769063509549,36,1645222769061993360,gps_data,42.33712666666667,-71.09060166666667,12.1,327774.6125219299,4689324.768593111,19,T,4
1645222770077039243,37,1645222770074849843,gps_data,42.33712666666667,-71.09060166666667,12.1,327774.6125219299,4689324.768593111,19,T,4
1645222771067878469,38,1645222771065663814,gps_data,42.33712666666667,-71.09060166666667,12.1,327774.6125219299,4689324.768593111,19,T,4
1645222772062519528,39,1645222772060029268,gps_data,42.33712666666667,-71.09060166666667,12.1,327774.6125219299,4689324.768593111,19,T,4
1645222773077644973,40,1645222773076162099,gps_data,42.33712666666667,-71.09060166666667,12.1,327774.6125219299,4689324.768593111,19,T,4
1645222774066885827,41,1645222774066568851,gps_data,42.33712666666667,-71.09060166666667,12.1,327774.6125219299,4689324.768593111,19,T,4
1645222775073798017,42,1645222775072262287,gps_data,42.33712666666667,-71.09060166666667,12.1,327774.6125219299,4689324.768593111,19,T,4
1645222776062871378,43,1645222776060758829,gps_data,42.33712666666667,-71.09060166666667,12.1,327774.6125219299,4689324.768593111,19,T,4
1645222777076855706,44,1645222777074632167,gps_data,42.33712666666667,-71.09060166666667,12.1,327774.6125219299,4689324.768593111,19,T,4
1645222778066132401,45,1645222778065110921,gps_data,42.33712666666667,-71.09060166666667,12.1,327774.6125219299,4689324.768593111,19,T,4
1645222779080946608,46,1645222779077792882,gps_data,42.33712666666667,-71.09060166666667,12.1,327774.6125219299,4689324.768593111,19,T,4
1645222780066328459,47,1645222780065053224,gps_data,42.33712666666667,-71.09060166666667,12.1,327774.6125219299,4689324.768593111,19,T,4
1645222781076001109,48,1645222781073672533,gps_data,42.33712666666667,-71.09060166666667,12.1,327774.6125219299,4689324.768593111,19,T,4
1645222782065612549,49,1645222782063935995,gps_data,42.33712666666667,-71.09060166666667,12.1,327774.6125219299,4689324.768593111,19,T,4
1645222783055135678,50,1645222783053649187,gps_data,42.33712666666667,-71.09060166666667,12.1,327774.6125219299,4689324.768593111,19,T,4
1645222784065351087,51,1645222784062947988,gps_data,42.33712666666667,-71.09060166666667,12.1,327774.6125219299,4689324.768593111,19,T,4
1645222785073621087,52,1645222785073003530,gps_data,42.33712666666667,-71.09060166666667,12.1,327774.6125219299,4689324.768593111,19,T,4
1645222786060645270,53,1645222786060266971,gps_data,42.33712666666667,-71.09060166666667,12.1,327774.6125219299,4689324.768593111,19,T,4
1645222787076090307,54,1645222787073841333,gps_data,42.33712666666667,-71.09060166666667,12.1,327774.6125219299,4689324.768593111,19,T,4
1645222788063558472,55,1645222788063065290,gps_data,42.33712666666667,-71.09060166666667,12.1,327774.6125219299,4689324.768593111,19,T,4
1645222789075395542,56,1645222789074662446,gps_data,42.33712666666667,-71.09060166666667,12.1,327774.6125219299,4689324.768593111,19,T,4
1645222790071701965,57,1645222790069341421,gps_data,42.33712666666667,-71.09060166666667,12.1,327774.6125219299,4689324.768593111,19,T,4
1645222791062679672,58,1645222791061105012,gps_data,42.33712666666667,-71.09060166666667,12.1,327774.6125219299,4689324.768593111,19,T,4
1645222792068484461,59,1645222792068137407,gps_data,42.33712666666667,-71.09060166666667,12.1,327774.6125219299,4689324.768593111,19,T,4
1645222793067379334,60,1645222793064977884,gps_data,42.33712666666667,-71.09060166666667,12.1,327774.6125219299,4689324.768593111,19,T,4
1645222794059929694,61,1645222794058086156,gps_data,42.33712666666667,-71.09060166666667,12.2,327774.6125219299,4689324.768593111,19,T,4
1645222795072161753,62,1645222795070447444,gps_data,42.33712666666667,-71.09060166666667,12.1,327774.6125219299,4689324.768593111,19,T,4
1645222796060305379,63,1645222796059882402,gps_data,42.33712666666667,-71.09060166666667,12.1,327774.6125219299,4689324.768593111,19,T,4
1645222797073496197,64,1645222797071318626,gps_data,42.33712666666667,-71.09060166666667,12.1,327774.6125219299,4689324.768593111,19,T,4
1645222798058996325,65,1645222798057838916,gps_data,42.33712666666667,-71.09060166666667,12.1,327774.6125219299,4689324.768593111,19,T,4
1645222799070711598,66,1645222799068621635,gps_data,42.33712666666667,-71.09060166666667,12.2,327774.6125219299,4689324.768593111,19,T,4
1645222800060156688,67,1645222800058382034,gps_data,42.33712666666667,-71.09060166666667,12.1,327774.6125219299,4689324.768593111,19,T,4
1645222801070511097,68,1645222801069989919,gps_data,42.33712666666667,-71.09060166666667,12.1,327774.6125219299,4689324.768593111,19,T,4
1645222802060351639,69,1645222802059663057,gps_data,42.33712666666667,-71.09060166666667,12.1,327774.6125219299,4689324.768593111,19,T,4
1645222803069962200,70,1645222803067635297,gps_data,42.33712666666667,-71.09060166666667,12.2,327774.6125219299,4689324.768593111,19,T,4
1645222804082336513,71,1645222804080935239,gps_data,42.33712666666667,-71.09060166666667,12.2,327774.6125219299,4689324.768593111,19,T,4
1645222805075733082,72,1645222805073370456,gps_data,42.33712666666667,-71.09060166666667,12.2,327774.6125219299,4689324.768593111,19,T,4
1645222806067826421,73,1645222806066595792,gps_data,42.33712666666667,-71.09060166666667,12.1,327774.6125219299,4689324.768593111,19,T,4
1645222807063217441,74,1645222807060931444,gps_data,42.33712666666667,-71.09060166666667,12.1,327774.6125219299,4689324.768593111,19,T,4
1645222808074229314,75,1645222808071728467,gps_data,42.33712666666667,-71.09060166666667,12.1,327774.6125219299,4689324.768593111,19,T,4
1645222809065337341,76,1645222809063851118,gps_data,42.33712666666667,-71.09060166666667,12.1,327774.6125219299,4689324.768593111,19,T,4
1645222810077314103,77,1645222810074983358,gps_data,42.33712666666667,-71.09060166666667,12.1,327774.6125219299,4689324.768593111,19,T,4
1645222811065398537,78,1645222811063419580,gps_data,42.33712666666667,-71.09060166666667,12.1,327774.6125219299,4689324.768593111,19,T,4
1645222812074650377,79,1645222812072337388,gps_data,42.33712666666667,-71.09060166666667,12.1,327774.6125219299,4689324.768593111,19,T,4
1645222813063825298,80,1645222813063385009,gps_data,42.33712666666667,-71.09060166666667,12.1,327774.6125219299,4689324.768593111,19,T,4
1645222814079089578,81,1645222814078515529,gps_data,42.33712666666667,-71.09060166666667,12.1,327774.6125219299,4689324.768593111,19,T,4
1645222815070707004,82,1645222815069553852,gps_data,42.33712666666667,-71.09060166666667,12.1,327774.6125219299,4689324.768593111,19,T,4
1645222816065025616,83,1645222816062651395,gps_data,42.33712666666667,-71.09060166666667,12.1,327774.6125219299,4689324.768593111,19,T,4
1645222817085113811,84,1645222817082462787,gps_data,42.33712666666667,-71.09060166666667,12.1,327774.6125219299,4689324.768593111,19,T,4
1645222818077668673,85,1645222818075591564,gps_data,42.33712666666667,-71.09060166666667,12.1,327774.6125219299,4689324.768593111,19,T,4
1645222819067975890,86,1645222819066556215,gps_data,42.33712666666667,-71.09060166666667,12.1,327774.6125219299,4689324.768593111,19,T,4
1645222820077415475,87,1645222820073812723,gps_data,42.33712666666667,-71.09060166666667,12.1,327774.6125219299,4689324.768593111,19,T,4
1645222821069134926,88,1645222821066308021,gps_data,42.33712666666667,-71.09060166666667,12.1,327774.6125219299,4689324.768593111,19,T,4
1645222822078087810,89,1645222822075459957,gps_data,42.33712666666667,-71.09060166666667,12.1,327774.6125219299,4689324.768593111,19,T,4
1645222823064531481,90,1645222823063294172,gps_data,42.33712666666667,-71.09060166666667,12.1,327774.6125219299,4689324.768593111,19,T,4
1645222824077264857,91,1645222824074732542,gps_data,42.33712666666667,-71.09060166666667,12.1,327774.6125219299,4689324.768593111,19,T,4
1645222825064480439,92,1645222825062898635,gps_data,42.33712666666667,-71.09060166666667,12.1,327774.6125219299,4689324.768593111,19,T,4
1645222826075636265,93,1645222826073725938,gps_data,42.33712666666667,-71.09060166666667,12.1,327774.6125219299,4689324.768593111,19,T,4
1645222827068166511,94,1645222827066242218,gps_data,42.33712666666667,-71.09060166666667,12.1,327774.6125219299,4689324.768593111,19,T,4
1645222828063155690,95,1645222828060973405,gps_data,42.33712666666667,-71.09060166666667,12.1,327774.6125219299,4689324.768593111,19,T,4
1645222829077852707,96,1645222829076274156,gps_data,42.33712666666667,-71.09060166666667,12.2,327774.6125219299,4689324.768593111,19,T,4
1645222830072310037,97,1645222830070479154,gps_data,42.33712666666667,-71.09060166666667,12.2,327774.6125219299,4689324.768593111,19,T,4
1645222831059910965,98,1645222831058789968,gps_data,42.33712666666667,-71.09060166666667,12.2,327774.6125219299,4689324.768593111,19,T,4
1645222832070414362,99,1645222832068928718,gps_data,42.33712666666667,-71.09060166666667,12.2,327774.6125219299,4689324.768593111,19,T,4
1645222833066190936,100,1645222833062838554,gps_data,42.33712666666667,-71.09060166666667,12.2,327774.6125219299,4689324.768593111,19,T,4
1645222834081703961,101,1645222834079109668,gps_data,42.33712666666667,-71.09060166666667,12.2,327774.6125219299,4689324.768593111,19,T,4
1645222835072535265,102,1645222835069810867,gps_data,42.33712666666667,-71.09060166666667,12.1,327774.6125219299,4689324.768593111,19,T,4
1645222836064830842,103,1645222836062369346,gps_data,42.33712666666667,-71.09060166666667,12.2,327774.6125219299,4689324.768593111,19,T,4
1645222837074549841,104,1645222837073781967,gps_data,42.33712666666667,-71.09060166666667,12.2,327774.6125219299,4689324.768593111,19,T,4
1645222838071752740,105,1645222838070173978,gps_data,42.33712666666667,-71.09060166666667,12.2,327774.6125219299,4689324.768593111,19,T,4
1645222839064586054,106,1645222839064249038,gps_data,42.33712666666667,-71.09060166666667,12.2,327774.6125219299,4689324.768593111,19,T,4
1645222840079439117,107,1645222840077008008,gps_data,42.33712666666667,-71.09060166666667,12.2,327774.6125219299,4689324.768593111,19,T,4
1645222841070474106,108,1645222841069075107,gps_data,42.33712666666667,-71.09060166666667,12.2,327774.6125219299,4689324.768593111,19,T,4
1645222842081192391,109,1645222842080246210,gps_data,42.33712666666667,-71.09060166666667,12.2,327774.6125219299,4689324.768593111,19,T,4
1645222843073927932,110,1645222843071914672,gps_data,42.33712666666667,-71.09060166666667,12.2,327774.6125219299,4689324.768593111,19,T,4
1645222844065198249,111,1645222844063327550,gps_data,42.33712666666667,-71.09060166666667,12.2,327774.6125219299,4689324.768593111,19,T,4
1645222845072484326,112,1645222845070901870,gps_data,42.33712666666667,-71.09060166666667,12.2,327774.6125219299,4689324.768593111,19,T,4
1645222846063222238,113,1645222846060796260,gps_data,42.33712666666667,-71.09060166666667,12.2,327774.6125219299,4689324.768593111,19,T,4
1645222847071707432,114,1645222847070506334,gps_data,42.33712666666667,-71.09060166666667,12.1,327774.6125219299,4689324.768593111,19,T,4
1645222848058816072,115,1645222848058140754,gps_data,42.33712666666667,-71.09060166666667,12.2,327774.6125219299,4689324.768593111,19,T,4
1645222849073974778,116,1645222849073377609,gps_data,42.33712666666667,-71.09060166666667,12.2,327774.6125219299,4689324.768593111,19,T,4
1645222850067479400,117,1645222850066745996,gps_data,42.33712666666667,-71.09060166666667,12.2,327774.6125219299,4689324.768593111,19,T,4
1645222851060730814,118,1645222851059484481,gps_data,42.33712666666667,-71.09060166666667,12.1,327774.6125219299,4689324.768593111,19,T,4
1645222852070355898,119,1645222852067861318,gps_data,42.33712666666667,-71.09060166666667,12.2,327774.6125219299,4689324.768593111,19,T,4
1645222853063663994,120,1645222853062279224,gps_data,42.33712666666667,-71.09060166666667,12.1,327774.6125219299,4689324.768593111,19,T,4
1645222854070358969,121,1645222854068192005,gps_data,42.33712666666667,-71.09060166666667,12.1,327774.6125219299,4689324.768593111,19,T,4
1645222855061499572,122,1645222855059846401,gps_data,42.33712666666667,-71.09060166666667,12.2,327774.6125219299,4689324.768593111,19,T,4
1645222856073875036,123,1645222856071586608,gps_data,42.33712666666667,-71.09060166666667,12.2,327774.6125219299,4689324.768593111,19,T,4
1645222857065153234,124,1645222857064605474,gps_data,42.33712666666667,-71.09060166666667,12.2,327774.6125219299,4689324.768593111,19,T,4
1645222858061775221,125,1645222858059600591,gps_data,42.33712666666667,-71.09060166666667,12.2,327774.6125219299,4689324.768593111,19,T,4
1645222859075267024,126,1645222859073978662,gps_data,42.33712666666667,-71.09060166666667,12.2,327774.6125219299,4689324.768593111,19,T,4
1645222860067040811,127,1645222860064895153,gps_data,42.33712666666667,-71.09060166666667,12.2,327774.6125219299,4689324.768593111,19,T,4
1645222861076145574,128,1645222861075679540,gps_data,42.33712666666667,-71.09060166666667,12.2,327774.6125219299,4689324.768593111,19,T,4
1645222862069567526,129,1645222862068333864,gps_data,42.33712666666667,-71.09060166666667,12.2,327774.6125219299,4689324.768593111,19,T,4
1645222863083150954,130,1645222863080643892,gps_data,42.33712666666667,-71.09060166666667,12.2,327774.6125219299,4689324.768593111,19,T,4
1645222864078092373,131,1645222864077604055,gps_data,42.33712666666667,-71.09060166666667,12.2,327774.6125219299,4689324.768593111,19,T,4
1645222865070886084,132,1645222865068542480,gps_data,42.33712666666667,-71.09060166666667,12.2,327774.6125219299,4689324.768593111,19,T,4
1645222866062776388,133,1645222866061393499,gps_data,42.33712666666667,-71.09060166666667,12.2,327774.6125219299,4689324.768593111,19,T,4
1645222867071375867,134,1645222867070989370,gps_data,42.33712666666667,-71.09060166666667,12.2,327774.6125219299,4689324.768593111,19,T,4
1645222868065450216,135,1645222868064859867,gps_data,42.33712666666667,-71.09060166666667,12.2,327774.6125219299,4689324.768593111,19,T,4
1645222869077671542,136,1645222869076989650,gps_data,42.33712666666667,-71.09060166666667,12.2,327774.6125219299,4689324.768593111,19,T,4
1645222870070321541,137,1645222870066923856,gps_data,42.33712666666667,-71.09060166666667,12.2,327774.6125219299,4689324.768593111,19,T,4
1645222871078404015,138,1645222871077151775,gps_data,42.33712666666667,-71.09060166666667,12.2,327774.6125219299,4689324.768593111,19,T,4
1645222872069401559,139,1645222872068892955,gps_data,42.33712666666667,-71.09060166666667,12.2,327774.6125219299,4689324.768593111,19,T,4
1645222873065180794,140,1645222873062650918,gps_data,42.33712666666667,-71.09060166666667,12.2,327774.6125219299,4689324.768593111,19,T,4
1645222874073768560,141,1645222874073096990,gps_data,42.33712666666667,-71.09060166666667,12.2,327774.6125219299,4689324.768593111,19,T,4
1645222875064968421,142,1645222875063643455,gps_data,42.33712666666667,-71.09060166666667,12.2,327774.6125219299,4689324.768593111,19,T,4
1645222876077438493,143,1645222876075273513,gps_data,42.33712666666667,-71.09060166666667,12.2,327774.6125219299,4689324.768593111,19,T,4
1645222877065893053,144,1645222877063789844,gps_data,42.33712666666667,-71.09060166666667,12.2,327774.6125219299,4689324.768593111,19,T,4
1645222878061702234,145,1645222878059661865,gps_data,42.33712666666667,-71.09060166666667,12.2,327774.6125219299,4689324.768593111,19,T,4
1645222879070751283,146,1645222879070398092,gps_data,42.33712666666667,-71.09060166666667,12.2,327774.6125219299,4689324.768593111,19,T,4
1645222880080253071,147,1645222880077238798,gps_data,42.33712666666667,-71.09060166666667,12.2,327774.6125219299,4689324.768593111,19,T,4
1645222881072891997,148,1645222881071369409,gps_data,42.33712666666667,-71.09060166666667,12.2,327774.6125219299,4689324.768593111,19,T,4
1645222882065722385,149,1645222882064239025,gps_data,42.33712666666667,-71.09060166666667,12.2,327774.6125219299,4689324.768593111,19,T,4
1645222883074217894,150,1645222883073889255,gps_data,42.33712666666667,-71.09060166666667,12.2,327774.6125219299,4689324.768593111,19,T,4
1645222884069665017,151,1645222884068244218,gps_data,42.33712666666667,-71.09060166666667,12.2,327774.6125219299,4689324.768593111,19,T,4
1645222885082319874,152,1645222885080035924,gps_data,42.33712666666667,-71.09060166666667,12.2,327774.6125219299,4689324.768593111,19,T,4
1645222886071237922,153,1645222886068864107,gps_data,42.33712666666667,-71.09060166666667,12.1,327774.6125219299,4689324.768593111,19,T,4
1645222887062086139,154,1645222887061618089,gps_data,42.33712666666667,-71.09060166666667,12.2,327774.6125219299,4689324.768593111,19,T,4
1645222888083447987,155,1645222888081152677,gps_data,42.33712666666667,-71.09060166666667,12.2,327774.6125219299,4689324.768593111,19,T,4
1645222889075929505,156,1645222889074672937,gps_data,42.33712666666667,-71.09060166666667,12.1,327774.6125219299,4689324.768593111,19,T,4
1645222890069341159,157,1645222890067375898,gps_data,42.33712666666667,-71.09060166666667,12.1,327774.6125219299,4689324.768593111,19,T,4
1645222891057416384,158,1645222891057033777,gps_data,42.33712666666667,-71.09060166666667,12.2,327774.6125219299,4689324.768593111,19,T,4
1645222892073229733,159,1645222892072605371,gps_data,42.33712666666667,-71.09060166666667,12.1,327774.6125219299,4689324.768593111,19,T,4
1645222893065729705,160,1645222893064947128,gps_data,42.33712666666667,-71.09060166666667,12.1,327774.6125219299,4689324.768593111,19,T,4
1645222894062466450,161,1645222894060037612,gps_data,42.33712666666667,-71.09060166666667,12.1,327774.6125219299,4689324.768593111,19,T,4
1645222895068436069,162,1645222895068181514,gps_data,42.33712666666667,-71.09060166666667,12.2,327774.6125219299,4689324.768593111,19,T,4
1645222896065765794,163,1645222896063707828,gps_data,42.33712666666667,-71.09060166666667,12.1,327774.6125219299,4689324.768593111,19,T,4
1645222897073018844,164,1645222897070682048,gps_data,42.33712666666667,-71.09060166666667,12.1,327774.6125219299,4689324.768593111,19,T,4
1645222898068420344,165,1645222898066864013,gps_data,42.33712666666667,-71.09060166666667,12.1,327774.6125219299,4689324.768593111,19,T,4
1645222899065472998,166,1645222899063648700,gps_data,42.33712666666667,-71.09060166666667,12.1,327774.6125219299,4689324.768593111,19,T,4
1645222900060023316,167,1645222900057668447,gps_data,42.33712666666667,-71.09060166666667,12.2,327774.6125219299,4689324.768593111,19,T,4
1645222901073113027,168,1645222901070544958,gps_data,42.33712666666667,-71.09060166666667,12.1,327774.6125219299,4689324.768593111,19,T,4
1645222902069075168,169,1645222902066636562,gps_data,42.33712666666667,-71.09060166666667,12.1,327774.6125219299,4689324.768593111,19,T,4
1645222903060639139,170,1645222903059445619,gps_data,42.33712666666667,-71.09060166666667,12.2,327774.6125219299,4689324.768593111,19,T,4
1645222904081629993,171,1645222904078768968,gps_data,42.33712666666667,-71.09060166666667,12.1,327774.6125219299,4689324.768593111,19,T,4
1645222905072509365,172,1645222905072048902,gps_data,42.33712666666667,-71.09060166666667,12.1,327774.6125219299,4689324.768593111,19,T,4
1645222906069138739,173,1645222906067490339,gps_data,42.33712666666667,-71.09060166666667,12.1,327774.6125219299,4689324.768593111,19,T,4
1645222907064598432,174,1645222907062720537,gps_data,42.33712666666667,-71.09060166666667,12.1,327774.6125219299,4689324.768593111,19,T,4
1645222908080108163,175,1645222908076752185,gps_data,42.33712666666667,-71.09060166666667,12.1,327774.6125219299,4689324.768593111,19,T,4
1645222909068955731,176,1645222909068478107,gps_data,42.33712666666667,-71.09060166666667,12.1,327774.6125219299,4689324.768593111,19,T,4
1645222910065892955,177,1645222910065425157,gps_data,42.33712666666667,-71.09060166666667,12.1,327774.6125219299,4689324.768593111,19,T,4
1645222911079155558,178,1645222911077887773,gps_data,42.33712666666667,-71.09060166666667,12.1,327774.6125219299,4689324.768593111,19,T,4
1645222912074838299,179,1645222912072930335,gps_data,42.33712666666667,-71.09060166666667,12.1,327774.6125219299,4689324.768593111,19,T,4
1645222913072041892,180,1645222913069709539,gps_data,42.33712666666667,-71.09060166666667,12.1,327774.6125219299,4689324.768593111,19,T,4
1645222914065148290,181,1645222914063889980,gps_data,42.33712666666667,-71.09060166666667,12.1,327774.6125219299,4689324.768593111,19,T,4
1645222915061766684,182,1645222915060408353,gps_data,42.33712666666667,-71.09060166666667,12.1,327774.6125219299,4689324.768593111,19,T,4
1645222916077342934,183,1645222916075803041,gps_data,42.33712666666667,-71.09060166666667,12.1,327774.6125219299,4689324.768593111,19,T,4
1645222917070420714,184,1645222917068145036,gps_data,42.33712666666667,-71.09060166666667,12.1,327774.6125219299,4689324.768593111,19,T,4
1645222918063363014,185,1645222918061602354,gps_data,42.33712666666667,-71.09060166666667,12.1,327774.6125219299,4689324.768593111,19,T,4
1645222919077184004,186,1645222919075786352,gps_data,42.33712666666667,-71.09060166666667,12.1,327774.6125219299,4689324.768593111,19,T,4
1645222920077992415,187,1645222920075839519,gps_data,42.33712666666667,-71.09060166666667,12.1,327774.6125219299,4689324.768593111,19,T,4
1645222921072756997,188,1645222921070514678,gps_data,42.33712666666667,-71.09060166666667,12.1,327774.6125219299,4689324.768593111,19,T,4
1645222922070372454,189,1645222922068369388,gps_data,42.33712666666667,-71.09060166666667,12.2,327774.6125219299,4689324.768593111,19,T,4
1645222923061524907,190,1645222923060007572,gps_data,42.33712666666667,-71.09060166666667,12.2,327774.6125219299,4689324.768593111,19,T,4
1645222924080535777,191,1645222924079061985,gps_data,42.33712666666667,-71.09060166666667,12.1,327774.6125219299,4689324.768593111,19,T,4
1645222925075936898,192,1645222925075238466,gps_data,42.33712666666667,-71.09060166666667,12.1,327774.6125219299,4689324.768593111,19,T,4
1645222926070168142,193,1645222926068099260,gps_data,42.33712666666667,-71.09060166666667,12.2,327774.6125219299,4689324.768593111,19,T,4
1645222927061338800,194,1645222927060277938,gps_data,42.33712666666667,-71.09060166666667,12.2,327774.6125219299,4689324.768593111,19,T,4
1645222928078451926,195,1645222928076328277,gps_data,42.33712666666667,-71.09060166666667,12.1,327774.6125219299,4689324.768593111,19,T,4
1645222929074248414,196,1645222929072190999,gps_data,42.33712666666667,-71.09060166666667,12.2,327774.6125219299,4689324.768593111,19,T,4
1645222930067879390,197,1645222930067236900,gps_data,42.33712666666667,-71.09060166666667,12.1,327774.6125219299,4689324.768593111,19,T,4
1645222931063164978,198,1645222931061953306,gps_data,42.33712666666667,-71.09060166666667,12.1,327774.6125219299,4689324.768593111,19,T,4
1645222932073312506,199,1645222932072847604,gps_data,42.33712666666667,-71.09060166666667,12.1,327774.6125219299,4689324.768593111,19,T,4
1645222933065822940,200,1645222933063636541,gps_data,42.33712666666667,-71.09060166666667,12.1,327774.6125219299,4689324.768593111,19,T,4
1645222934085484376,201,1645222934082709789,gps_data,42.33712666666667,-71.09060166666667,12.2,327774.6125219299,4689324.768593111,19,T,4
1645222935078744450,202,1645222935078223466,gps_data,42.33712666666667,-71.09060166666667,12.1,327774.6125219299,4689324.768593111,19,T,4
1645222936073879799,203,1645222936071639776,gps_data,42.33712666666667,-71.09060166666667,12.2,327774.6125219299,4689324.768593111,19,T,4
1645222937068986362,204,1645222937068456172,gps_data,42.33712666666667,-71.09060166666667,12.1,327774.6125219299,4689324.768593111,19,T,4
1645222938067410393,205,1645222938064945936,gps_data,42.33712666666667,-71.09060166666667,12.1,327774.6125219299,4689324.768593111,19,T,4
1645222939079247154,206,1645222939077101230,gps_data,42.33712666666667,-71.09060166666667,12.2,327774.6125219299,4689324.768593111,19,T,4
1645222940075251986,207,1645222940073077201,gps_data,42.33712666666667,-71.09060166666667,12.2,327774.6125219299,4689324.768593111,19,T,4
1645222941072515737,208,1645222941070293188,gps_data,42.33712666666667,-71.09060166666667,12.2,327774.6125219299,4689324.768593111,19,T,4
1645222942071698386,209,1645222942071276187,gps_data,42.33712666666667,-71.09060166666667,12.1,327774.6125219299,4689324.768593111,19,T,4
1645222943075259894,210,1645222943074750185,gps_data,42.33712666666667,-71.09060166666667,12.2,327774.6125219299,4689324.768593111,19,T,4
1645222944066603327,211,1645222944065061092,gps_data,42.33712666666667,-71.09060166666667,12.2,327774.6125219299,4689324.768593111,19,T,4
1645222945060611750,212,1645222945058116436,gps_data,42.33712666666667,-71.09060166666667,12.1,327774.6125219299,4689324.768593111,19,T,4
1645222946075294752,213,1645222946072561979,gps_data,42.33712666666667,-71.09060166666667,12.2,327774.6125219299,4689324.768593111,19,T,4
1645222947067509158,214,1645222947065661907,gps_data,42.33712666666667,-71.09060166666667,12.2,327774.6125219299,4689324.768593111,19,T,4
1645222948067959038,215,1645222948066509723,gps_data,42.33712666666667,-71.09060166666667,12.2,327774.6125219299,4689324.768593111,19,T,4
1645222949086415598,216,1645222949084907770,gps_data,42.33712666666667,-71.09060166666667,12.2,327774.6125219299,4689324.768593111,19,T,4
1645222950079213515,217,1645222950078530311,gps_data,42.33712666666667,-71.09060166666667,12.2,327774.6125219299,4689324.768593111,19,T,4
1645222951070152111,218,1645222951068938732,gps_data,42.33712666666667,-71.09060166666667,12.2,327774.6125219299,4689324.768593111,19,T,4
1645222952069339330,219,1645222952067460775,gps_data,42.33712666666667,-71.09060166666667,12.2,327774.6125219299,4689324.768593111,19,T,4
1645222953067652788,220,1645222953065481185,gps_data,42.33712666666667,-71.09060166666667,12.2,327774.6125219299,4689324.768593111,19,T,4
1645222954065654636,221,1645222954063456773,gps_data,42.33712666666667,-71.09060166666667,12.2,327774.6125219299,4689324.768593111,19,T,4
1645222955079332171,222,1645222955077407598,gps_data,42.33712666666667,-71.09060166666667,12.2,327774.6125219299,4689324.768593111,19,T,4
1645222956077989547,223,1645222956076370239,gps_data,42.33712666666667,-71.09060166666667,12.2,327774.6125219299,4689324.768593111,19,T,4
1645222957077086262,224,1645222957076496124,gps_data,42.33712666666667,-71.09060166666667,12.2,327774.6125219299,4689324.768593111,19,T,4
1645222958071886845,225,1645222958071450948,gps_data,42.33712666666667,-71.09060166666667,12.1,327774.6125219299,4689324.768593111,19,T,4
1645222959075366465,226,1645222959072543144,gps_data,42.33712666666667,-71.09060166666667,12.1,327774.6125219299,4689324.768593111,19,T,4
1645222960074938854,227,1645222960074250936,gps_data,42.33712666666667,-71.09060166666667,12.1,327774.6125219299,4689324.768593111,19,T,4
1645222961077042445,228,1645222961074988842,gps_data,42.33712666666667,-71.09060166666667,12.1,327774.6125219299,4689324.768593111,19,T,4
1645222962080229546,229,1645222962077580213,gps_data,42.33712666666667,-71.09060166666667,12.1,327774.6125219299,4689324.768593111,19,T,4
1645222963078913697,230,1645222963077700853,gps_data,42.33712666666667,-71.09060166666667,12.2,327774.6125219299,4689324.768593111,19,T,4
1645222964080638931,231,1645222964079331398,gps_data,42.33712666666667,-71.09060166666667,12.2,327774.6125219299,4689324.768593111,19,T,4
1645222965081218711,232,1645222965079263687,gps_data,42.33712666666667,-71.09060166666667,12.2,327774.6125219299,4689324.768593111,19,T,4
1645222966078417174,233,1645222966075593948,gps_data,42.33712666666667,-71.09060166666667,12.1,327774.6125219299,4689324.768593111,19,T,4
1645222967076451594,234,1645222967075594663,gps_data,42.33712666666667,-71.09060166666667,12.1,327774.6125219299,4689324.768593111,19,T,4
1645222968078507740,235,1645222968076240539,gps_data,42.33712666666667,-71.09060166666667,12.1,327774.6125219299,4689324.768593111,19,T,4
1645222969073995759,236,1645222969072605609,gps_data,42.33712666666667,-71.09060166666667,12.1,327774.6125219299,4689324.768593111,19,T,4
1645222970068653623,237,1645222970068018913,gps_data,42.33712666666667,-71.09060166666667,12.2,327774.6125219299,4689324.768593111,19,T,4
1645222971066489238,238,1645222971064687013,gps_data,42.33712666666667,-71.09060166666667,12.1,327774.6125219299,4689324.768593111,19,T,4
1645222972064527028,239,1645222972061173677,gps_data,42.33712666666667,-71.09060166666667,12.1,327774.6125219299,4689324.768593111,19,T,4
1645222973078481170,240,1645222973077688217,gps_data,42.33712666666667,-71.09060166666667,12.1,327774.6125219299,4689324.768593111,19,T,4
1645222974079689919,241,1645222974077217817,gps_data,42.33712666666667,-71.09060166666667,12.1,327774.6125219299,4689324.768593111,19,T,4
1645222975075334339,242,1645222975074132204,gps_data,42.33712666666667,-71.09060166666667,12.2,327774.6125219299,4689324.768593111,19,T,4
1645222976072836438,243,1645222976072250366,gps_data,42.33712666666667,-71.09060166666667,12.2,327774.6125219299,4689324.768593111,19,T,4
1645222977068981308,244,1645222977066252231,gps_data,42.33712666666667,-71.09060166666667,12.1,327774.6125219299,4689324.768593111,19,T,4
1645222978065162995,245,1645222978064594507,gps_data,42.33712666666667,-71.09060166666667,12.2,327774.6125219299,4689324.768593111,19,T,4
1645222979066093169,246,1645222979064377069,gps_data,42.33712666666667,-71.09060166666667,12.1,327774.6125219299,4689324.768593111,19,T,4
1645222980078544520,247,1645222980078249692,gps_data,42.33712666666667,-71.09060166666667,12.1,327774.6125219299,4689324.768593111,19,T,4
1645222981062078475,248,1645222981061607122,gps_data,42.33712666666667,-71.09060166666667,12.1,327774.6125219299,4689324.768593111,19,T,4
1645222982078330917,249,1645222982077901363,gps_data,42.33712666666667,-71.09060166666667,12.2,327774.6125219299,4689324.768593111,19,T,4
1645222983077662800,250,1645222983075686931,gps_data,42.33712666666667,-71.09060166666667,12.2,327774.6125219299,4689324.768593111,19,T,4
1645222984075348891,251,1645222984074781656,gps_data,42.33712666666667,-71.09060166666667,12.1,327774.6125219299,4689324.768593111,19,T,4
1645222985074853047,252,1645222985071529865,gps_data,42.33712666666667,-71.09060166666667,12.2,327774.6125219299,4689324.768593111,19,T,4
1645222986068020116,253,1645222986065827369,gps_data,42.33712666666667,-71.09060166666667,12.2,327774.6125219299,4689324.768593111,19,T,4
1645222987067826985,254,1645222987066795349,gps_data,42.33712666666667,-71.09060166666667,12.2,327774.6125219299,4689324.768593111,19,T,4
1645222988070984391,255,1645222988069379568,gps_data,42.33712666666667,-71.09060166666667,12.2,327774.6125219299,4689324.768593111,19,T,4
1645222989067135143,256,1645222989064850091,gps_data,42.33712666666667,-71.09060166666667,12.2,327774.6125219299,4689324.768593111,19,T,4
1645222990066209004,257,1645222990063943624,gps_data,42.33712666666667,-71.09060166666667,12.2,327774.6125219299,4689324.768593111,19,T,4
1645222991081009319,258,1645222991080655097,gps_data,42.33712666666667,-71.09060166666667,12.2,327774.6125219299,4689324.768593111,19,T,4
1645222992082689174,259,1645222992080170392,gps_data,42.33712666666667,-71.09060166666667,12.2,327774.6125219299,4689324.768593111,19,T,4
1645222993076268070,260,1645222993075577259,gps_data,42.33712666666667,-71.09060166666667,12.2,327774.6125219299,4689324.768593111,19,T,4
1645222994075642760,261,1645222994073263645,gps_data,42.33712666666667,-71.09060166666667,12.1,327774.6125219299,4689324.768593111,19,T,4
1645222995067925056,262,1645222995067588329,gps_data,42.33712666666667,-71.09060166666667,12.1,327774.6125219299,4689324.768593111,19,T,4
1645222996072064203,263,1645222996071393013,gps_data,42.33712666666667,-71.09060166666667,12.2,327774.6125219299,4689324.768593111,19,T,4
1645222997074808307,264,1645222997074231863,gps_data,42.33712666666667,-71.09060166666667,12.1,327774.6125219299,4689324.768593111,19,T,4
1645222998076212541,265,1645222998073829174,gps_data,42.33712666666667,-71.09060166666667,12.2,327774.6125219299,4689324.768593111,19,T,4
1645222999076875220,266,1645222999075541496,gps_data,42.33712666666667,-71.09060166666667,12.2,327774.6125219299,4689324.768593111,19,T,4
1645223000076865358,267,1645223000075492858,gps_data,42.33712666666667,-71.09060166666667,12.2,327774.6125219299,4689324.768593111,19,T,4
1645223001071183261,268,1645223001070516109,gps_data,42.33712666666667,-71.09060166666667,12.2,327774.6125219299,4689324.768593111,19,T,4
1645223002072282555,269,1645223002070176362,gps_data,42.33712666666667,-71.09060166666667,12.1,327774.6125219299,4689324.768593111,19,T,4
1645223003070875256,270,1645223003069928646,gps_data,42.33712666666667,-71.09060166666667,12.2,327774.6125219299,4689324.768593111,19,T,4
1645223004070004234,271,1645223004068437337,gps_data,42.33712666666667,-71.09060166666667,12.1,327774.6125219299,4689324.768593111,19,T,4
1645223005068731388,272,1645223005066264152,gps_data,42.33712666666667,-71.09060166666667,12.1,327774.6125219299,4689324.768593111,19,T,4
1645223006088877968,273,1645223006086348295,gps_data,42.33712666666667,-71.09060166666667,12.1,327774.6125219299,4689324.768593111,19,T,4
1645223007067395845,274,1645223007065334320,gps_data,42.33712666666667,-71.09060166666667,12.2,327774.6125219299,4689324.768593111,19,T,4
1645223008070441767,275,1645223008069083929,gps_data,42.33712666666667,-71.09060166666667,12.2,327774.6125219299,4689324.768593111,19,T,4
1645223009072538090,276,1645223009070252180,gps_data,42.33712666666667,-71.09060166666667,12.2,327774.6125219299,4689324.768593111,19,T,4
1645223010077200288,277,1645223010075032234,gps_data,42.33712666666667,-71.09060166666667,12.1,327774.6125219299,4689324.768593111,19,T,4
1645223011073230467,278,1645223011071965456,gps_data,42.33712666666667,-71.09060166666667,12.1,327774.6125219299,4689324.768593111,19,T,4
1645223012073087585,279,1645223012071596622,gps_data,42.33712666666667,-71.09060166666667,12.1,327774.6125219299,4689324.768593111,19,T,4
1645223013083412942,280,1645223013081302642,gps_data,42.33712666666667,-71.09060166666667,12.1,327774.6125219299,4689324.768593111,19,T,4
1645223014080673331,281,1645223014079325437,gps_data,42.33712666666667,-71.09060166666667,12.1,327774.6125219299,4689324.768593111,19,T,4
1645223015078103843,282,1645223015076725959,gps_data,42.33712666666667,-71.09060166666667,12.1,327774.6125219299,4689324.768593111,19,T,4
1645223016079305777,283,1645223016078688144,gps_data,42.33712666666667,-71.09060166666667,12.1,327774.6125219299,4689324.768593111,19,T,4
1645223017061909080,284,1645223017059550285,gps_data,42.33712666666667,-71.09060166666667,12.1,327774.6125219299,4689324.768593111,19,T,4
1645223018081296014,285,1645223018080561637,gps_data,42.33712666666667,-71.09060166666667,12.1,327774.6125219299,4689324.768593111,19,T,4
1645223019076694360,286,1645223019076222896,gps_data,42.33712666666667,-71.09060166666667,12.1,327774.6125219299,4689324.768593111,19,T,4
1645223020072056961,287,1645223020071601152,gps_data,42.33712666666667,-71.09060166666667,12.2,327774.6125219299,4689324.768593111,19,T,4
1645223021071238881,288,1645223021069043874,gps_data,42.33712666666667,-71.09060166666667,12.2,327774.6125219299,4689324.768593111,19,T,4
1645223022066772585,289,1645223022064787626,gps_data,42.33712666666667,-71.09060166666667,12.2,327774.6125219299,4689324.768593111,19,T,4
1645223023076258733,290,1645223023075697422,gps_data,42.33712666666667,-71.09060166666667,12.2,327774.6125219299,4689324.768593111,19,T,4
1645223024073721332,291,1645223024073144912,gps_data,42.33712666666667,-71.09060166666667,12.2,327774.6125219299,4689324.768593111,19,T,4
1645223025068824615,292,1645223025068279743,gps_data,42.33712666666667,-71.09060166666667,12.2,327774.6125219299,4689324.768593111,19,T,4
1645223026066163726,293,1645223026065488100,gps_data,42.33712666666667,-71.09060166666667,12.2,327774.6125219299,4689324.768593111,19,T,4
1645223027082368932,294,1645223027081136703,gps_data,42.33712666666667,-71.09060166666667,12.2,327774.6125219299,4689324.768593111,19,T,4
1645223028075002457,295,1645223028074318885,gps_data,42.33712666666667,-71.09060166666667,12.2,327774.6125219299,4689324.768593111,19,T,4
1645223029068965019,296,1645223029068275928,gps_data,42.33712666666667,-71.09060166666667,12.2,327774.6125219299,4689324.768593111,19,T,4
1645223030086791138,297,1645223030086298465,gps_data,42.33712666666667,-71.09060166666667,12.2,327774.6125219299,4689324.768593111,19,T,4
1645223031081226285,298,1645223031079860925,gps_data,42.33712666666667,-71.09060166666667,12.2,327774.6125219299,4689324.768593111,19,T,4
1645223032080953690,299,1645223032078855276,gps_data,42.33712666666667,-71.09060166666667,12.2,327774.6125219299,4689324.768593111,19,T,4
1645223033079999420,300,1645223033078692436,gps_data,42.33712666666667,-71.09060166666667,12.2,327774.6125219299,4689324.768593111,19,T,4
1645223034079118174,301,1645223034076727867,gps_data,42.33712666666667,-71.09060166666667,12.2,327774.6125219299,4689324.768593111,19,T,4
1645223035075175413,302,1645223035073259830,gps_data,42.33712666666667,-71.09060166666667,12.2,327774.6125219299,4689324.768593111,19,T,4
1645223036072447982,303,1645223036070229530,gps_data,42.33712666666667,-71.09060166666667,12.2,327774.6125219299,4689324.768593111,19,T,4
1645223037067935818,304,1645223037065394401,gps_data,42.33712666666667,-71.09060166666667,12.2,327774.6125219299,4689324.768593111,19,T,4
1645223038088183506,305,1645223038085821866,gps_data,42.33712666666667,-71.09060166666667,12.2,327774.6125219299,4689324.768593111,19,T,4
1645223039083272981,306,1645223039082783937,gps_data,42.33712666666667,-71.09060166666667,12.2,327774.6125219299,4689324.768593111,19,T,4
1645223040080538111,307,1645223040077365398,gps_data,42.33712666666667,-71.09060166666667,12.2,327774.6125219299,4689324.768593111,19,T,4
1645223041080364912,308,1645223041077781677,gps_data,42.33712666666667,-71.09060166666667,12.2,327774.6125219299,4689324.768593111,19,T,4
1645223042086747560,309,1645223042084938287,gps_data,42.33712666666667,-71.09060166666667,12.2,327774.6125219299,4689324.768593111,19,T,4
1645223043065396321,310,1645223043064872264,gps_data,42.33712666666667,-71.09060166666667,12.2,327774.6125219299,4689324.768593111,19,T,4
1645223044067247131,311,1645223044064877033,gps_data,42.33712666666667,-71.09060166666667,12.2,327774.6125219299,4689324.768593111,19,T,4
1645223045064974893,312,1645223045063216447,gps_data,42.33712666666667,-71.09060166666667,12.2,327774.6125219299,4689324.768593111,19,T,4
1645223046064196388,313,1645223046062796115,gps_data,42.33712666666667,-71.09060166666667,12.2,327774.6125219299,4689324.768593111,19,T,4
1645223047084803780,314,1645223047083822250,gps_data,42.33712666666667,-71.09060166666667,12.2,327774.6125219299,4689324.768593111,19,T,4
1645223048067108033,315,1645223048064668416,gps_data,42.33712666666667,-71.09060166666667,12.2,327774.6125219299,4689324.768593111,19,T,4
1645223049064705560,316,1645223049064174413,gps_data,42.33712666666667,-71.09060166666667,12.2,327774.6125219299,4689324.768593111,19,T,4
1645223050070293258,317,1645223050068893909,gps_data,42.33712666666667,-71.09060166666667,12.1,327774.6125219299,4689324.768593111,19,T,4
1645223051084063731,318,1645223051083753824,gps_data,42.33712666666667,-71.09060166666667,12.1,327774.6125219299,4689324.768593111,19,T,4
1645223052076749927,319,1645223052076349735,gps_data,42.33712666666667,-71.09060166666667,12.2,327774.6125219299,4689324.768593111,19,T,4
1645223053071213051,320,1645223053070485353,gps_data,42.33712666666667,-71.09060166666667,12.1,327774.6125219299,4689324.768593111,19,T,4
1645223054082591145,321,1645223054082098960,gps_data,42.33712666666667,-71.09060166666667,12.2,327774.6125219299,4689324.768593111,19,T,4
1645223055071397209,322,1645223055071085214,gps_data,42.33712666666667,-71.09060166666667,12.1,327774.6125219299,4689324.768593111,19,T,4
1645223056070008054,323,1645223056069289207,gps_data,42.33712666666667,-71.09060166666667,12.2,327774.6125219299,4689324.768593111,19,T,4
1645223057071678705,324,1645223057071091413,gps_data,42.33712666666667,-71.09060166666667,12.2,327774.6125219299,4689324.768593111,19,T,4
1645223058067984551,325,1645223058067556858,gps_data,42.33712666666667,-71.09060166666667,12.1,327774.6125219299,4689324.768593111,19,T,4
1645223059063616555,326,1645223059063262939,gps_data,42.33712666666667,-71.09060166666667,12.2,327774.6125219299,4689324.768593111,19,T,4
1645223060079483372,327,1645223060078760385,gps_data,42.33712666666667,-71.09060166666667,12.1,327774.6125219299,4689324.768593111,19,T,4
1645223061075497547,328,1645223061075143575,gps_data,42.33712666666667,-71.09060166666667,12.2,327774.6125219299,4689324.768593111,19,T,4
1645223062072214414,329,1645223062071743726,gps_data,42.33712666666667,-71.09060166666667,12.2,327774.6125219299,4689324.768593111,19,T,4
1645223063067057041,330,1645223063065741777,gps_data,42.33712666666667,-71.09060166666667,12.1,327774.6125219299,4689324.768593111,19,T,4
1645223064067425950,331,1645223064064519405,gps_data,42.33712666666667,-71.09060166666667,12.2,327774.6125219299,4689324.768593111,19,T,4
1645223065067870559,332,1645223065067309617,gps_data,42.33712666666667,-71.09060166666667,12.1,327774.6125219299,4689324.768593111,19,T,4
1645223066066717363,333,1645223066066178560,gps_data,42.33712666666667,-71.09060166666667,12.2,327774.6125219299,4689324.768593111,19,T,4
1645223067081952193,334,1645223067081569910,gps_data,42.33712666666667,-71.09060166666667,12.1,327774.6125219299,4689324.768593111,19,T,4
1645223068081616789,335,1645223068080940723,gps_data,42.33712666666667,-71.09060166666667,12.1,327774.6125219299,4689324.768593111,19,T,4
1645223069076950565,336,1645223069075912237,gps_data,42.33712666666667,-71.09060166666667,12.1,327774.6125219299,4689324.768593111,19,T,4
1645223070069107158,337,1645223070068574666,gps_data,42.33712666666667,-71.09060166666667,12.2,327774.6125219299,4689324.768593111,19,T,4
1645223071062658582,338,1645223071062253475,gps_data,42.33712666666667,-71.09060166666667,12.2,327774.6125219299,4689324.768593111,19,T,4
1645223072080279797,339,1645223072077747344,gps_data,42.33712666666667,-71.09060166666667,12.2,327774.6125219299,4689324.768593111,19,T,4
1645223073068000067,340,1645223073065652132,gps_data,42.33712666666667,-71.09060166666667,12.2,327774.6125219299,4689324.768593111,19,T,4
1645223074070221897,341,1645223074067680358,gps_data,42.33712666666667,-71.09060166666667,12.2,327774.6125219299,4689324.768593111,19,T,4
1645223075064432945,342,1645223075063927412,gps_data,42.33712666666667,-71.09060166666667,12.2,327774.6125219299,4689324.768593111,19,T,4
1645223076088651313,343,1645223076086326837,gps_data,42.33712666666667,-71.09060166666667,12.1,327774.6125219299,4689324.768593111,19,T,4
1645223077061910521,344,1645223077061216831,gps_data,42.33712666666667,-71.09060166666667,12.1,327774.6125219299,4689324.768593111,19,T,4
1645223078080613869,345,1645223078079241514,gps_data,42.33712666666667,-71.09060166666667,12.1,327774.6125219299,4689324.768593111,19,T,4
1645223079078312162,346,1645223079077062368,gps_data,42.33712666666667,-71.09060166666667,12.1,327774.6125219299,4689324.768593111,19,T,4
1645223080076921962,347,1645223080076503753,gps_data,42.33712666666667,-71.09060166666667,12.1,327774.6125219299,4689324.768593111,19,T,4
1645223081074020921,348,1645223081073457241,gps_data,42.33712666666667,-71.09060166666667,12.1,327774.6125219299,4689324.768593111,19,T,4
1645223082070913078,349,1645223082068712472,gps_data,42.33712666666667,-71.09060166666667,12.2,327774.6125219299,4689324.768593111,19,T,4
1645223083083754232,350,1645223083082412958,gps_data,42.33712666666667,-71.09060166666667,12.2,327774.6125219299,4689324.768593111,19,T,4
1645223084080418976,351,1645223084078978538,gps_data,42.33712666666667,-71.09060166666667,12.1,327774.6125219299,4689324.768593111,19,T,4
1645223085080254388,352,1645223085077962398,gps_data,42.33712666666667,-71.09060166666667,12.1,327774.6125219299,4689324.768593111,19,T,4
1645223086075126539,353,1645223086073722124,gps_data,42.33712666666667,-71.09060166666667,12.1,327774.6125219299,4689324.768593111,19,T,4
1645223087067302671,354,1645223087065949201,gps_data,42.33712666666667,-71.09060166666667,12.2,327774.6125219299,4689324.768593111,19,T,4
1645223088081107810,355,1645223088079147100,gps_data,42.33712666666667,-71.09060166666667,12.1,327774.6125219299,4689324.768593111,19,T,4
1645223089078471218,356,1645223089076413869,gps_data,42.33712666666667,-71.09060166666667,12.1,327774.6125219299,4689324.768593111,19,T,4
1645223090077657531,357,1645223090076278924,gps_data,42.33712666666667,-71.09060166666667,12.2,327774.6125219299,4689324.768593111,19,T,4
1645223091071080295,358,1645223091069677114,gps_data,42.33712666666667,-71.09060166666667,12.2,327774.6125219299,4689324.768593111,19,T,4
1645223092069618789,359,1645223092067507982,gps_data,42.33712666666667,-71.09060166666667,12.2,327774.6125219299,4689324.768593111,19,T,4
1645223093067946031,360,1645223093066959142,gps_data,42.33712666666667,-71.09060166666667,12.2,327774.6125219299,4689324.768593111,19,T,4
1645223094074704886,361,1645223094072416782,gps_data,42.33712666666667,-71.09060166666667,12.2,327774.6125219299,4689324.768593111,19,T,4
1645223095069967852,362,1645223095067705154,gps_data,42.33712666666667,-71.09060166666667,12.1,327774.6125219299,4689324.768593111,19,T,4
1645223096066815507,363,1645223096064525604,gps_data,42.33712666666667,-71.09060166666667,12.1,327774.6125219299,4689324.768593111,19,T,4
1645223097085679609,364,1645223097085130214,gps_data,42.33712666666667,-71.09060166666667,12.1,327774.6125219299,4689324.768593111,19,T,4
1645223098080664812,365,1645223098078658103,gps_data,42.33712666666667,-71.09060166666667,12.1,327774.6125219299,4689324.768593111,19,T,4
1645223099073505428,366,1645223099072099208,gps_data,42.33712666666667,-71.09060166666667,12.1,327774.6125219299,4689324.768593111,19,T,4
1645223100067466105,367,1645223100066938877,gps_data,42.33712666666667,-71.09060166666667,12.1,327774.6125219299,4689324.768593111,19,T,4
1645223101068097102,368,1645223101066002368,gps_data,42.33712666666667,-71.09060166666667,12.1,327774.6125219299,4689324.768593111,19,T,4
1645223102080302035,369,1645223102078067302,gps_data,42.33712666666667,-71.09060166666667,12.1,327774.6125219299,4689324.768593111,19,T,4
1645223103072025630,370,1645223103070848464,gps_data,42.33712666666667,-71.09060166666667,12.2,327774.6125219299,4689324.768593111,19,T,4
1645223104069272599,371,1645223104066821336,gps_data,42.33712666666667,-71.09060166666667,12.2,327774.6125219299,4689324.768593111,19,T,4
1645223105087455073,372,1645223105086955547,gps_data,42.33712666666667,-71.09060166666667,12.2,327774.6125219299,4689324.768593111,19,T,4
1645223106068763395,373,1645223106066581964,gps_data,42.33712666666667,-71.09060166666667,12.1,327774.6125219299,4689324.768593111,19,T,4
1645223107063559994,374,1645223107062302112,gps_data,42.33712666666667,-71.09060166666667,12.2,327774.6125219299,4689324.768593111,19,T,4
1645223108082433391,375,1645223108080261945,gps_data,42.33712666666667,-71.09060166666667,12.1,327774.6125219299,4689324.768593111,19,T,4
1645223109077784220,376,1645223109076936006,gps_data,42.33712666666667,-71.09060166666667,12.1,327774.6125219299,4689324.768593111,19,T,4
1645223110075834645,377,1645223110073416709,gps_data,42.33712666666667,-71.09060166666667,12.2,327774.6125219299,4689324.768593111,19,T,4
1645223111069239542,378,1645223111068877458,gps_data,42.33712666666667,-71.09060166666667,12.2,327774.6125219299,4689324.768593111,19,T,4
1645223112067446721,379,1645223112065203189,gps_data,42.33712666666667,-71.09060166666667,12.2,327774.6125219299,4689324.768593111,19,T,4
1645223113083654811,380,1645223113081278800,gps_data,42.33712666666667,-71.09060166666667,12.2,327774.6125219299,4689324.768593111,19,T,4
1645223114081385896,381,1645223114079191923,gps_data,42.33712666666667,-71.09060166666667,12.2,327774.6125219299,4689324.768593111,19,T,4
1645223115074398956,382,1645223115074016571,gps_data,42.33712666666667,-71.09060166666667,12.1,327774.6125219299,4689324.768593111,19,T,4
1645223116091951546,383,1645223116090411663,gps_data,42.33712666666667,-71.09060166666667,12.2,327774.6125219299,4689324.768593111,19,T,4
1645223117068968773,384,1645223117067472696,gps_data,42.33712666666667,-71.09060166666667,12.2,327774.6125219299,4689324.768593111,19,T,4
1645223118082564846,385,1645223118081873416,gps_data,42.33712666666667,-71.09060166666667,12.2,327774.6125219299,4689324.768593111,19,T,4
1645223119075465045,386,1645223119075076103,gps_data,42.33712666666667,-71.09060166666667,12.2,327774.6125219299,4689324.768593111,19,T,4
1645223120072559255,387,1645223120071969509,gps_data,42.33712666666667,-71.09060166666667,12.2,327774.6125219299,4689324.768593111,19,T,4
1645223121075909532,388,1645223121073563098,gps_data,42.33712666666667,-71.09060166666667,12.2,327774.6125219299,4689324.768593111,19,T,4
1645223122068976733,389,1645223122067711114,gps_data,42.33712666666667,-71.09060166666667,12.2,327774.6125219299,4689324.768593111,19,T,4
1645223123067024902,390,1645223123065754890,gps_data,42.33712666666667,-71.09060166666667,12.2,327774.6125219299,4689324.768593111,19,T,4
1645223124066615138,391,1645223124063777208,gps_data,42.33712666666667,-71.09060166666667,12.2,327774.6125219299,4689324.768593111,19,T,4
1645223125064156866,392,1645223125061722517,gps_data,42.33712666666667,-71.09060166666667,12.2,327774.6125219299,4689324.768593111,19,T,4
1645223126081775143,393,1645223126079733848,gps_data,42.33712666666667,-71.09060166666667,12.2,327774.6125219299,4689324.768593111,19,T,4
1645223127073643378,394,1645223127071738481,gps_data,42.33712666666667,-71.09060166666667,12.2,327774.6125219299,4689324.768593111,19,T,4
1645223128067803433,395,1645223128065112352,gps_data,42.33712666666667,-71.09060166666667,12.2,327774.6125219299,4689324.768593111,19,T,4
1645223129067607284,396,1645223129065293788,gps_data,42.33712666666667,-71.09060166666667,12.2,327774.6125219299,4689324.768593111,19,T,4
1645223130083202916,397,1645223130081061124,gps_data,42.33712666666667,-71.09060166666667,12.2,327774.6125219299,4689324.768593111,19,T,4
1645223131078247256,398,1645223131077743768,gps_data,42.33712666666667,-71.09060166666667,12.2,327774.6125219299,4689324.768593111,19,T,4
1645223132078525799,399,1645223132075571298,gps_data,42.33712666666667,-71.09060166666667,12.2,327774.6125219299,4689324.768593111,19,T,4
1645223133071583201,400,1645223133069234848,gps_data,42.33712666666667,-71.09060166666667,12.2,327774.6125219299,4689324.768593111,19,T,4
1645223134071956465,401,1645223134071312427,gps_data,42.33712666666667,-71.09060166666667,12.2,327774.6125219299,4689324.768593111,19,T,4
1645223135068129878,402,1645223135067769765,gps_data,42.33712666666667,-71.09060166666667,12.2,327774.6125219299,4689324.768593111,19,T,4
1645223136072167462,403,1645223136069675683,gps_data,42.33712666666667,-71.09060166666667,12.2,327774.6125219299,4689324.768593111,19,T,4
1645223137066291774,404,1645223137064954280,gps_data,42.33712666666667,-71.09060166666667,12.2,327774.6125219299,4689324.768593111,19,T,4
1645223138075668083,405,1645223138073992013,gps_data,42.33712666666667,-71.09060166666667,12.2,327774.6125219299,4689324.768593111,19,T,4
1645223139076882016,406,1645223139075532197,gps_data,42.33712666666667,-71.09060166666667,12.2,327774.6125219299,4689324.768593111,19,T,4
1645223140085171218,407,1645223140084425926,gps_data,42.33712666666667,-71.09060166666667,12.2,327774.6125219299,4689324.768593111,19,T,4
1645223141067854651,408,1645223141065031528,gps_data,42.33712666666667,-71.09060166666667,12.2,327774.6125219299,4689324.768593111,19,T,4
1645223142067501562,409,1645223142066775560,gps_data,42.33712666666667,-71.09060166666667,12.2,327774.6125219299,4689324.768593111,19,T,4
1645223143065529038,410,1645223143064120054,gps_data,42.33712666666667,-71.09060166666667,12.2,327774.6125219299,4689324.768593111,19,T,4
1645223144082075366,411,1645223144079874277,gps_data,42.33712666666667,-71.09060166666667,12.2,327774.6125219299,4689324.768593111,19,T,4
1645223145082646552,412,1645223145080385446,gps_data,42.33712666666667,-71.09060166666667,12.2,327774.6125219299,4689324.768593111,19,T,4
1645223146081199620,413,1645223146077707290,gps_data,42.33712666666667,-71.09060166666667,12.1,327774.6125219299,4689324.768593111,19,T,4
1645223147074005865,414,1645223147072114467,gps_data,42.33712666666667,-71.09060166666667,12.2,327774.6125219299,4689324.768593111,19,T,4
1645223148072421562,415,1645223148070269584,gps_data,42.33712666666667,-71.09060166666667,12.2,327774.6125219299,4689324.768593111,19,T,4
1645223149068809017,416,1645223149066736459,gps_data,42.33712666666667,-71.09060166666667,12.2,327774.6125219299,4689324.768593111,19,T,4
1645223150079518322,417,1645223150078116655,gps_data,42.33712666666667,-71.09060166666667,12.2,327774.6125219299,4689324.768593111,19,T,4
1645223151076139276,418,1645223151075117588,gps_data,42.33712666666667,-71.09060166666667,12.1,327774.6125219299,4689324.768593111,19,T,4
1645223152078014850,419,1645223152075847625,gps_data,42.33712666666667,-71.09060166666667,12.2,327774.6125219299,4689324.768593111,19,T,4
1645223153073667524,420,1645223153073183298,gps_data,42.33712666666667,-71.09060166666667,12.2,327774.6125219299,4689324.768593111,19,T,4
1645223154075575177,421,1645223154073945283,gps_data,42.33712666666667,-71.09060166666667,12.2,327774.6125219299,4689324.768593111,19,T,4
1645223155072820981,422,1645223155072502613,gps_data,42.33712666666667,-71.09060166666667,12.2,327774.6125219299,4689324.768593111,19,T,4
1645223156072513417,423,1645223156070122003,gps_data,42.33712666666667,-71.09060166666667,12.2,327774.6125219299,4689324.768593111,19,T,4
1645223157067320339,424,1645223157066523551,gps_data,42.33712666666667,-71.09060166666667,12.2,327774.6125219299,4689324.768593111,19,T,4
1645223158080101554,425,1645223158078525066,gps_data,42.33712666666667,-71.09060166666667,12.2,327774.6125219299,4689324.768593111,19,T,4
1645223159075873683,426,1645223159074647665,gps_data,42.33712666666667,-71.09060166666667,12.2,327774.6125219299,4689324.768593111,19,T,4
1645223160070090039,427,1645223160068596839,gps_data,42.33712666666667,-71.09060166666667,12.2,327774.6125219299,4689324.768593111,19,T,4
1645223161066060955,428,1645223161065406799,gps_data,42.33712666666667,-71.09060166666667,12.2,327774.6125219299,4689324.768593111,19,T,4
1645223162088199557,429,1645223162086719036,gps_data,42.33712666666667,-71.09060166666667,12.2,327774.6125219299,4689324.768593111,19,T,4
1645223163064728594,430,1645223163064369201,gps_data,42.33712666666667,-71.09060166666667,12.1,327774.6125219299,4689324.768593111,19,T,4
1645223164071824760,431,1645223164069321155,gps_data,42.33712666666667,-71.09060166666667,12.1,327774.6125219299,4689324.768593111,19,T,4
1645223165069639997,432,1645223165067952394,gps_data,42.33712666666667,-71.09060166666667,12.1,327774.6125219299,4689324.768593111,19,T,4
1645223166084863627,433,1645223166082391023,gps_data,42.33712666666667,-71.09060166666667,12.1,327774.6125219299,4689324.768593111,19,T,4
1645223167078950329,434,1645223167077643871,gps_data,42.33712666666667,-71.09060166666667,12.2,327774.6125219299,4689324.768593111,19,T,4
1645223168077828112,435,1645223168077363967,gps_data,42.33712666666667,-71.09060166666667,12.1,327774.6125219299,4689324.768593111,19,T,4
1645223169074382640,436,1645223169072227954,gps_data,42.33712666666667,-71.09060166666667,12.2,327774.6125219299,4689324.768593111,19,T,4
1645223170077835706,437,1645223170075301170,gps_data,42.33712666666667,-71.09060166666667,12.2,327774.6125219299,4689324.768593111,19,T,4
1645223171071326073,438,1645223171069442272,gps_data,42.33712666666667,-71.09060166666667,12.2,327774.6125219299,4689324.768593111,19,T,4
1645223172073211265,439,1645223172070376396,gps_data,42.33712666666667,-71.09060166666667,12.2,327774.6125219299,4689324.768593111,19,T,4
1645223173070298864,440,1645223173067198276,gps_data,42.33712666666667,-71.09060166666667,12.2,327774.6125219299,4689324.768593111,19,T,4
1645223174080501275,441,1645223174080001831,gps_data,42.33712666666667,-71.09060166666667,12.2,327774.6125219299,4689324.768593111,19,T,4
1645223175077768654,442,1645223175076577901,gps_data,42.33712666666667,-71.09060166666667,12.2,327774.6125219299,4689324.768593111,19,T,4
1645223176078010732,443,1645223176075848102,gps_data,42.33712666666667,-71.09060166666667,12.2,327774.6125219299,4689324.768593111,19,T,4
1645223177080794699,444,1645223177079224109,gps_data,42.33712666666667,-71.09060166666667,12.2,327774.6125219299,4689324.768593111,19,T,4
1645223178081108720,445,1645223178078894615,gps_data,42.33712666666667,-71.09060166666667,12.2,327774.6125219299,4689324.768593111,19,T,4
1645223179075661784,446,1645223179075281858,gps_data,42.33712666666667,-71.09060166666667,12.2,327774.6125219299,4689324.768593111,19,T,4
1645223180078722182,447,1645223180075380086,gps_data,42.33712666666667,-71.09060166666667,12.2,327774.6125219299,4689324.768593111,19,T,4
1645223181075144150,448,1645223181072054862,gps_data,42.33712666666667,-71.09060166666667,12.2,327774.6125219299,4689324.768593111,19,T,4
1645223182069827788,449,1645223182069273948,gps_data,42.33712666666667,-71.09060166666667,12.1,327774.6125219299,4689324.768593111,19,T,4
1645223183071191253,450,1645223183070847272,gps_data,42.33712666666667,-71.09060166666667,12.2,327774.6125219299,4689324.768593111,19,T,4
1645223184073943896,451,1645223184071612358,gps_data,42.33712666666667,-71.09060166666667,12.2,327774.6125219299,4689324.768593111,19,T,4
1645223185067278617,452,1645223185064608335,gps_data,42.33712666666667,-71.09060166666667,12.1,327774.6125219299,4689324.768593111,19,T,4
1645223186083549633,453,1645223186082145452,gps_data,42.33712666666667,-71.09060166666667,12.2,327774.6125219299,4689324.768593111,19,T,4
1645223187076355492,454,1645223187075892925,gps_data,42.33712666666667,-71.09060166666667,12.2,327774.6125219299,4689324.768593111,19,T,4
1645223188072225330,455,1645223188069819450,gps_data,42.33712666666667,-71.09060166666667,12.2,327774.6125219299,4689324.768593111,19,T,4
1645223189082009068,456,1645223189081439733,gps_data,42.33712666666667,-71.09060166666667,12.2,327774.6125219299,4689324.768593111,19,T,4
1645223190076099143,457,1645223190073965072,gps_data,42.33712666666667,-71.09060166666667,12.2,327774.6125219299,4689324.768593111,19,T,4
1645223191067308054,458,1645223191066661119,gps_data,42.33712666666667,-71.09060166666667,12.2,327774.6125219299,4689324.768593111,19,T,4
1645223192065041426,459,1645223192064614772,gps_data,42.33712666666667,-71.09060166666667,12.2,327774.6125219299,4689324.768593111,19,T,4
1645223193069927457,460,1645223193068547248,gps_data,42.33712666666667,-71.09060166666667,12.2,327774.6125219299,4689324.768593111,19,T,4
1645223194065388141,461,1645223194063997507,gps_data,42.33712666666667,-71.09060166666667,12.2,327774.6125219299,4689324.768593111,19,T,4
1645223195082475686,462,1645223195081186294,gps_data,42.33712666666667,-71.09060166666667,12.1,327774.6125219299,4689324.768593111,19,T,4
1645223196082247821,463,1645223196080872297,gps_data,42.33712666666667,-71.09060166666667,12.1,327774.6125219299,4689324.768593111,19,T,4
1645223197075656254,464,1645223197074975490,gps_data,42.33712666666667,-71.09060166666667,12.2,327774.6125219299,4689324.768593111,19,T,4
1645223198068345107,465,1645223198067594051,gps_data,42.33712666666667,-71.09060166666667,12.2,327774.6125219299,4689324.768593111,19,T,4
1645223199080908802,466,1645223199080387353,gps_data,42.33712666666667,-71.09060166666667,12.1,327774.6125219299,4689324.768593111,19,T,4
1645223200076674852,467,1645223200074269533,gps_data,42.33712666666667,-71.09060166666667,12.2,327774.6125219299,4689324.768593111,19,T,4
1645223201069329686,468,1645223201068778038,gps_data,42.33712666666667,-71.09060166666667,12.2,327774.6125219299,4689324.768593111,19,T,4
1645223202069746308,469,1645223202067706823,gps_data,42.33712666666667,-71.09060166666667,12.1,327774.6125219299,4689324.768593111,19,T,4
1645223203067939018,470,1645223203066616296,gps_data,42.33712666666667,-71.09060166666667,12.2,327774.6125219299,4689324.768593111,19,T,4
1645223204066523728,471,1645223204064281940,gps_data,42.33712666666667,-71.09060166666667,12.2,327774.6125219299,4689324.768593111,19,T,4
1645223205083151449,472,1645223205081732034,gps_data,42.33712666666667,-71.09060166666667,12.2,327774.6125219299,4689324.768593111,19,T,4
1645223206082438304,473,1645223206081011772,gps_data,42.33712666666667,-71.09060166666667,12.2,327774.6125219299,4689324.768593111,19,T,4
1645223207076209106,474,1645223207074434041,gps_data,42.33712666666667,-71.09060166666667,12.2,327774.6125219299,4689324.768593111,19,T,4
1645223208074041355,475,1645223208073402643,gps_data,42.33712666666667,-71.09060166666667,12.2,327774.6125219299,4689324.768593111,19,T,4
1645223209074559743,476,1645223209073884248,gps_data,42.33712666666667,-71.09060166666667,12.2,327774.6125219299,4689324.768593111,19,T,4
1645223210070785755,477,1645223210068668842,gps_data,42.33712666666667,-71.09060166666667,12.2,327774.6125219299,4689324.768593111,19,T,4
1645223211067377409,478,1645223211066951513,gps_data,42.33712666666667,-71.09060166666667,12.1,327774.6125219299,4689324.768593111,19,T,4
1645223212064136823,479,1645223212063561677,gps_data,42.33712666666667,-71.09060166666667,12.2,327774.6125219299,4689324.768593111,19,T,4
1645223213079085469,480,1645223213078332185,gps_data,42.33712666666667,-71.09060166666667,12.2,327774.6125219299,4689324.768593111,19,T,4
1645223214076739201,481,1645223214076144933,gps_data,42.33712666666667,-71.09060166666667,12.2,327774.6125219299,4689324.768593111,19,T,4
1645223215072021728,482,1645223215070768117,gps_data,42.33712666666667,-71.09060166666667,12.2,327774.6125219299,4689324.768593111,19,T,4
1645223216069372860,483,1645223216067767620,gps_data,42.33712666666667,-71.09060166666667,12.2,327774.6125219299,4689324.768593111,19,T,4
1645223217086547570,484,1645223217082674264,gps_data,42.33712666666667,-71.09060166666667,12.2,327774.6125219299,4689324.768593111,19,T,4
1645223218078618187,485,1645223218078034400,gps_data,42.33712666666667,-71.09060166666667,12.2,327774.6125219299,4689324.768593111,19,T,4
1645223219075159696,486,1645223219074013471,gps_data,42.33712666666667,-71.09060166666667,12.2,327774.6125219299,4689324.768593111,19,T,4
1645223220078458545,487,1645223220077007770,gps_data,42.33712666666667,-71.09060166666667,12.2,327774.6125219299,4689324.768593111,19,T,4
1645223221076417696,488,1645223221075865030,gps_data,42.33712666666667,-71.09060166666667,12.2,327774.6125219299,4689324.768593111,19,T,4
1645223222076850895,489,1645223222074520587,gps_data,42.33712666666667,-71.09060166666667,12.2,327774.6125219299,4689324.768593111,19,T,4
1645223223069492125,490,1645223223068227767,gps_data,42.33712666666667,-71.09060166666667,12.2,327774.6125219299,4689324.768593111,19,T,4
1645223224066880865,491,1645223224064311981,gps_data,42.33712666666667,-71.09060166666667,12.2,327774.6125219299,4689324.768593111,19,T,4
1645223225082086367,492,1645223225079914093,gps_data,42.33712666666667,-71.09060166666667,12.2,327774.6125219299,4689324.768593111,19,T,4
1645223226078212407,493,1645223226077621221,gps_data,42.33712666666667,-71.09060166666667,12.2,327774.6125219299,4689324.768593111,19,T,4
1645223227077381232,494,1645223227075947761,gps_data,42.33712666666667,-71.09060166666667,12.2,327774.6125219299,4689324.768593111,19,T,4
1645223228076351890,495,1645223228075749158,gps_data,42.33712666666667,-71.09060166666667,12.2,327774.6125219299,4689324.768593111,19,T,4
1645223229069512096,496,1645223229068839311,gps_data,42.33712666666667,-71.09060166666667,12.1,327774.6125219299,4689324.768593111,19,T,4
1645223230111148111,497,1645223230108871459,gps_data,42.33712666666667,-71.09060166666667,12.2,327774.6125219299,4689324.768593111,19,T,4
1645223231067963671,498,1645223231066384792,gps_data,42.33712666666667,-71.09060166666667,12.2,327774.6125219299,4689324.768593111,19,T,4
1645223232081348212,499,1645223232078869581,gps_data,42.33712666666667,-71.09060166666667,12.2,327774.6125219299,4689324.768593111,19,T,4
1645223233074368523,500,1645223233072030067,gps_data,42.33712666666667,-71.09060166666667,12.2,327774.6125219299,4689324.768593111,19,T,4
1645223234085508876,501,1645223234083860874,gps_data,42.33712666666667,-71.09060166666667,12.2,327774.6125219299,4689324.768593111,19,T,4
1645223235084579107,502,1645223235083285808,gps_data,42.33712666666667,-71.09060166666667,12.2,327774.6125219299,4689324.768593111,19,T,4
1645223236080188000,503,1645223236077702999,gps_data,42.33712666666667,-71.09060166666667,12.2,327774.6125219299,4689324.768593111,19,T,4
1645223237073991930,504,1645223237072018146,gps_data,42.33712666666667,-71.09060166666667,12.2,327774.6125219299,4689324.768593111,19,T,4
1645223238076279681,505,1645223238073978424,gps_data,42.33712666666667,-71.09060166666667,12.2,327774.6125219299,4689324.768593111,19,T,4
1645223239069472297,506,1645223239068403959,gps_data,42.33712666666667,-71.09060166666667,12.2,327774.6125219299,4689324.768593111,19,T,4
1645223240083912981,507,1645223240081596374,gps_data,42.33712666666667,-71.09060166666667,12.2,327774.6125219299,4689324.768593111,19,T,4
1645223241083010557,508,1645223241081467390,gps_data,42.33712666666667,-71.09060166666667,12.2,327774.6125219299,4689324.768593111,19,T,4
1645223242078851361,509,1645223242076987504,gps_data,42.33712666666667,-71.09060166666667,12.2,327774.6125219299,4689324.768593111,19,T,4
1645223243073034065,510,1645223243071726083,gps_data,42.33712666666667,-71.09060166666667,12.2,327774.6125219299,4689324.768593111,19,T,4
1645223244091334065,511,1645223244088987350,gps_data,42.33712666666667,-71.09060166666667,12.2,327774.6125219299,4689324.768593111,19,T,4
1645223245067948178,512,1645223245065694808,gps_data,42.33712666666667,-71.09060166666667,12.2,327774.6125219299,4689324.768593111,19,T,4
1645223246085425809,513,1645223246083251237,gps_data,42.33712666666667,-71.09060166666667,12.2,327774.6125219299,4689324.768593111,19,T,4
1645223247082283649,514,1645223247081108808,gps_data,42.33712666666667,-71.09060166666667,12.2,327774.6125219299,4689324.768593111,19,T,4
1645223248083832404,515,1645223248081123352,gps_data,42.33712666666667,-71.09060166666667,12.2,327774.6125219299,4689324.768593111,19,T,4
1645223249084300075,516,1645223249083021163,gps_data,42.33712666666667,-71.09060166666667,12.2,327774.6125219299,4689324.768593111,19,T,4
1645223250079262546,517,1645223250077063322,gps_data,42.33712666666667,-71.09060166666667,12.2,327774.6125219299,4689324.768593111,19,T,4
1645223251078477418,518,1645223251077020406,gps_data,42.33712666666667,-71.09060166666667,12.2,327774.6125219299,4689324.768593111,19,T,4
1645223252076904114,519,1645223252075437545,gps_data,42.337125,-71.09060166666667,12.2,327774.6079719197,4689324.583522462,19,T,4
1645223253075245248,520,1645223253072865009,gps_data,42.33712666666667,-71.09060166666667,12.2,327774.6125219299,4689324.768593111,19,T,4
1645223254070364163,521,1645223254068134069,gps_data,42.33712666666667,-71.09060166666667,12.1,327774.6125219299,4689324.768593111,19,T,4
1645223255088348435,522,1645223255086673498,gps_data,42.33712666666667,-71.09060166666667,12.1,327774.6125219299,4689324.768593111,19,T,4
1645223256085955067,523,1645223256084408044,gps_data,42.33712666666667,-71.09060166666667,12.1,327774.6125219299,4689324.768593111,19,T,4
1645223257079823742,524,1645223257079305410,gps_data,42.33712666666667,-71.09060166666667,12.1,327774.6125219299,4689324.768593111,19,T,4
1645223258077648102,525,1645223258077096939,gps_data,42.33712666666667,-71.09060166666667,12.1,327774.6125219299,4689324.768593111,19,T,4
1645223259075529253,526,1645223259074061632,gps_data,42.33712666666667,-71.09060166666667,12.2,327774.6125219299,4689324.768593111,19,T,4
1645223260073201577,527,1645223260071890354,gps_data,42.33712666666667,-71.09060166666667,12.2,327774.6125219299,4689324.768593111,19,T,4
1645223261083322694,528,1645223261082081556,gps_data,42.33712666666667,-71.09060166666667,12.2,327774.6125219299,4689324.768593111,19,T,4
1645223262081849400,529,1645223262081311941,gps_data,42.33712666666667,-71.09060166666667,12.2,327774.6125219299,4689324.768593111,19,T,4
1645223263079732160,530,1645223263077733993,gps_data,42.33712666666667,-71.09060166666667,12.2,327774.6125219299,4689324.768593111,19,T,4
1645223264083089406,531,1645223264081604242,gps_data,42.33712666666667,-71.09060166666667,12.2,327774.6125219299,4689324.768593111,19,T,4
1645223265079122883,532,1645223265076776742,gps_data,42.33712666666667,-71.09060166666667,12.2,327774.6125219299,4689324.768593111,19,T,4
1645223266073686993,533,1645223266071656227,gps_data,42.33712666666667,-71.09060166666667,12.2,327774.6125219299,4689324.768593111,19,T,4
1645223267068710110,534,1645223267067418813,gps_data,42.33712666666667,-71.09060166666667,12.2,327774.6125219299,4689324.768593111,19,T,4
1645223268069047760,535,1645223268067539930,gps_data,42.33712666666667,-71.09060166666667,12.2,327774.6125219299,4689324.768593111,19,T,4
1645223269063119594,536,1645223269062497854,gps_data,42.33712666666667,-71.09060166666667,12.2,327774.6125219299,4689324.768593111,19,T,4
1645223270085174509,537,1645223270083579540,gps_data,42.33712666666667,-71.09060166666667,12.2,327774.6125219299,4689324.768593111,19,T,4
1645223271086433963,538,1645223271086094379,gps_data,42.33712666666667,-71.09060166666667,12.2,327774.6125219299,4689324.768593111,19,T,4
1645223272067367465,539,1645223272065000534,gps_data,42.33712666666667,-71.09060166666667,12.2,327774.6125219299,4689324.768593111,19,T,4
1645223273070139836,540,1645223273066602945,gps_data,42.33712666666667,-71.09060166666667,12.2,327774.6125219299,4689324.768593111,19,T,4
1645223274087470788,541,1645223274085221529,gps_data,42.33712666666667,-71.09060166666667,12.2,327774.6125219299,4689324.768593111,19,T,4
1645223275083743733,542,1645223275083079576,gps_data,42.33712666666667,-71.09060166666667,12.2,327774.6125219299,4689324.768593111,19,T,4
1645223276084844612,543,1645223276082376718,gps_data,42.33712666666667,-71.09060166666667,12.2,327774.6125219299,4689324.768593111,19,T,4
1645223277080036152,544,1645223277078114509,gps_data,42.33712666666667,-71.09060166666667,12.2,327774.6125219299,4689324.768593111,19,T,4
1645223278078295872,545,1645223278075912952,gps_data,42.33712666666667,-71.09060166666667,12.2,327774.6125219299,4689324.768593111,19,T,4
1645223279071695513,546,1645223279070316553,gps_data,42.33712666666667,-71.09060166666667,12.2,327774.6125219299,4689324.768593111,19,T,4
1645223280092778218,547,1645223280090273618,gps_data,42.33712666666667,-71.09060166666667,12.2,327774.6125219299,4689324.768593111,19,T,4
1645223281070871290,548,1645223281068752527,gps_data,42.33712666666667,-71.09060166666667,12.2,327774.6125219299,4689324.768593111,19,T,4
1645223282087190110,549,1645223282085725069,gps_data,42.33712666666667,-71.09060166666667,12.2,327774.6125219299,4689324.768593111,19,T,4
1645223283081080845,550,1645223283080069303,gps_data,42.33712666666667,-71.09060166666667,12.2,327774.6125219299,4689324.768593111,19,T,4
1645223284080022413,551,1645223284079130649,gps_data,42.33712666666667,-71.09060166666667,12.2,327774.6125219299,4689324.768593111,19,T,4
1645223285079478869,552,1645223285076586008,gps_data,42.33712666666667,-71.09060166666667,12.2,327774.6125219299,4689324.768593111,19,T,4
1645223286076714108,553,1645223286075288772,gps_data,42.33712666666667,-71.09060166666667,12.2,327774.6125219299,4689324.768593111,19,T,4
1645223287072058523,554,1645223287070793390,gps_data,42.33712666666667,-71.09060166666667,12.2,327774.6125219299,4689324.768593111,19,T,4
1645223288084475849,555,1645223288084111452,gps_data,42.33712666666667,-71.09060166666667,12.2,327774.6125219299,4689324.768593111,19,T,4
1645223289086014625,556,1645223289083909034,gps_data,42.33712666666667,-71.09060166666667,12.2,327774.6125219299,4689324.768593111,19,T,4
1645223290085860993,557,1645223290084361314,gps_data,42.33712666666667,-71.09060166666667,12.2,327774.6125219299,4689324.768593111,19,T,4
1645223291078735947,558,1645223291076826333,gps_data,42.33712666666667,-71.09060166666667,12.2,327774.6125219299,4689324.768593111,19,T,4
1645223292074611148,559,1645223292073357582,gps_data,42.33712666666667,-71.09060166666667,12.2,327774.6125219299,4689324.768593111,19,T,4
1645223293091247564,560,1645223293089331388,gps_data,42.33712666666667,-71.09060166666667,12.2,327774.6125219299,4689324.768593111,19,T,4
1645223294093255985,561,1645223294089560985,gps_data,42.33712666666667,-71.09060166666667,12.2,327774.6125219299,4689324.768593111,19,T,4
1645223295068403426,562,1645223295065580606,gps_data,42.33712666666667,-71.09060166666667,12.2,327774.6125219299,4689324.768593111,19,T,4
1645223296063267795,563,1645223296062532663,gps_data,42.33712666666667,-71.09060166666667,12.2,327774.6125219299,4689324.768593111,19,T,4
1645223297078809188,564,1645223297077378511,gps_data,42.33712666666667,-71.09060166666667,12.2,327774.6125219299,4689324.768593111,19,T,4
1645223298079653765,565,1645223298077434062,gps_data,42.33712666666667,-71.09060166666667,12.2,327774.6125219299,4689324.768593111,19,T,4
1645223299067568789,566,1645223299066153764,gps_data,42.33712666666667,-71.09060166666667,12.2,327774.6125219299,4689324.768593111,19,T,4
1645223300080899430,567,1645223300079248666,gps_data,42.33712666666667,-71.09060166666667,12.2,327774.6125219299,4689324.768593111,19,T,4
1645223301078976445,568,1645223301077125787,gps_data,42.33712666666667,-71.09060166666667,12.2,327774.6125219299,4689324.768593111,19,T,4
1645223302075243096,569,1645223302074627399,gps_data,42.33712666666667,-71.09060166666667,12.2,327774.6125219299,4689324.768593111,19,T,4
1645223303073231574,570,1645223303072802066,gps_data,42.33712666666667,-71.09060166666667,12.2,327774.6125219299,4689324.768593111,19,T,4
1645223304075143211,571,1645223304073801517,gps_data,42.33712666666667,-71.09060166666667,12.2,327774.6125219299,4689324.768593111,19,T,4
1645223305074254323,572,1645223305072705984,gps_data,42.33712666666667,-71.09060166666667,12.2,327774.6125219299,4689324.768593111,19,T,4
1645223306068117459,573,1645223306067489385,gps_data,42.33712666666667,-71.09060166666667,12.2,327774.6125219299,4689324.768593111,19,T,4
1645223307069810011,574,1645223307068652629,gps_data,42.33712666666667,-71.09060166666667,12.2,327774.6125219299,4689324.768593111,19,T,4
1645223308064815000,575,1645223308063161373,gps_data,42.33712666666667,-71.09060166666667,12.2,327774.6125219299,4689324.768593111,19,T,4
1645223309082873620,576,1645223309081599712,gps_data,42.33712666666667,-71.09060166666667,12.2,327774.6125219299,4689324.768593111,19,T,4
1645223310080869466,577,1645223310078818559,gps_data,42.33712666666667,-71.09060166666667,12.2,327774.6125219299,4689324.768593111,19,T,4
1645223311073555863,578,1645223311073185443,gps_data,42.33712666666667,-71.09060166666667,12.2,327774.6125219299,4689324.768593111,19,T,4
1645223312074130178,579,1645223312071915149,gps_data,42.33712666666667,-71.09060166666667,12.2,327774.6125219299,4689324.768593111,19,T,4
1645223313082305141,580,1645223313080846071,gps_data,42.33712666666667,-71.09060166666667,12.2,327774.6125219299,4689324.768593111,19,T,4
1645223314077810810,581,1645223314077171802,gps_data,42.33712666666667,-71.09060166666667,12.2,327774.6125219299,4689324.768593111,19,T,4
1645223315079949242,582,1645223315078369855,gps_data,42.33712666666667,-71.09060166666667,12.2,327774.6125219299,4689324.768593111,19,T,4
1645223316081137512,583,1645223316078852653,gps_data,42.33712666666667,-71.09060166666667,12.2,327774.6125219299,4689324.768593111,19,T,4
1645223317077423177,584,1645223317075254201,gps_data,42.33712666666667,-71.09060166666667,12.2,327774.6125219299,4689324.768593111,19,T,4
1645223318075739211,585,1645223318073649644,gps_data,42.33712666666667,-71.09060166666667,12.2,327774.6125219299,4689324.768593111,19,T,4
1645223319075208218,586,1645223319073733568,gps_data,42.33712666666667,-71.09060166666667,12.2,327774.6125219299,4689324.768593111,19,T,4
1645223320073840675,587,1645223320071994304,gps_data,42.33712666666667,-71.09060166666667,12.2,327774.6125219299,4689324.768593111,19,T,4
1645223321083922258,588,1645223321081884860,gps_data,42.33712666666667,-71.09060166666667,12.2,327774.6125219299,4689324.768593111,19,T,4
1645223322080226076,589,1645223322078273773,gps_data,42.33712666666667,-71.09060166666667,12.2,327774.6125219299,4689324.768593111,19,T,4
1645223323076096150,590,1645223323074415206,gps_data,42.33712666666667,-71.09060166666667,12.2,327774.6125219299,4689324.768593111,19,T,4
1645223324082077248,591,1645223324078778266,gps_data,42.33712666666667,-71.09060166666667,12.2,327774.6125219299,4689324.768593111,19,T,4
1645223325077388084,592,1645223325076927185,gps_data,42.33712666666667,-71.09060166666667,12.2,327774.6125219299,4689324.768593111,19,T,4
1645223326074851230,593,1645223326074038267,gps_data,42.33712666666667,-71.09060166666667,12.2,327774.6125219299,4689324.768593111,19,T,4
1645223327072896223,594,1645223327071994781,gps_data,42.33712666666667,-71.09060166666667,12.2,327774.6125219299,4689324.768593111,19,T,4
1645223328070480824,595,1645223328070073843,gps_data,42.33712666666667,-71.09060166666667,12.2,327774.6125219299,4689324.768593111,19,T,4
1645223329067938367,596,1645223329065644025,gps_data,42.33712666666667,-71.09060166666667,12.2,327774.6125219299,4689324.768593111,19,T,4
1645223330085956600,597,1645223330084395170,gps_data,42.33712666666667,-71.09060166666667,12.2,327774.6125219299,4689324.768593111,19,T,4
1645223331084368777,598,1645223331082072019,gps_data,42.33712666666667,-71.09060166666667,12.2,327774.6125219299,4689324.768593111,19,T,4
1645223332079216090,599,1645223332076942682,gps_data,42.33712666666667,-71.09060166666667,12.2,327774.6125219299,4689324.768593111,19,T,4
1645223333073869539,600,1645223333072587966,gps_data,42.33712666666667,-71.09060166666667,12.2,327774.6125219299,4689324.768593111,19,T,4
1645223334074107351,601,1645223334073608875,gps_data,42.33712666666667,-71.09060166666667,12.2,327774.6125219299,4689324.768593111,19,T,4
1645223335067321539,602,1645223335066220521,gps_data,42.33712666666667,-71.09060166666667,12.2,327774.6125219299,4689324.768593111,19,T,4
1645223336083792940,603,1645223336081451177,gps_data,42.33712666666667,-71.09060166666667,12.2,327774.6125219299,4689324.768593111,19,T,4
1645223337081280152,604,1645223337078854799,gps_data,42.33712666666667,-71.09060166666667,12.2,327774.6125219299,4689324.768593111,19,T,4
1645223338076321167,605,1645223338073805570,gps_data,42.33712666666667,-71.09060166666667,12.2,327774.6125219299,4689324.768593111,19,T,4
1645223339074779379,606,1645223339073002576,gps_data,42.33712666666667,-71.09060166666667,12.2,327774.6125219299,4689324.768593111,19,T,4
1645223340072797234,607,1645223340070518493,gps_data,42.33712666666667,-71.09060166666667,12.2,327774.6125219299,4689324.768593111,19,T,4
1645223341069744027,608,1645223341069060087,gps_data,42.33712666666667,-71.09060166666667,12.2,327774.6125219299,4689324.768593111,19,T,4
1645223342084432462,609,1645223342083818197,gps_data,42.33712666666667,-71.09060166666667,12.2,327774.6125219299,4689324.768593111,19,T,4
1645223343083217576,610,1645223343081853389,gps_data,42.33712666666667,-71.09060166666667,12.2,327774.6125219299,4689324.768593111,19,T,4
1645223344076146233,611,1645223344075621128,gps_data,42.33712666666667,-71.09060166666667,12.2,327774.6125219299,4689324.768593111,19,T,4
1645223345076317756,612,1645223345073868989,gps_data,42.33712666666667,-71.09060166666667,12.2,327774.6125219299,4689324.768593111,19,T,4
1645223346076440542,613,1645223346074141263,gps_data,42.33712666666667,-71.09060166666667,12.2,327774.6125219299,4689324.768593111,19,T,4
1645223347069894706,614,1645223347069533348,gps_data,42.33712666666667,-71.09060166666667,12.2,327774.6125219299,4689324.768593111,19,T,4
1645223348069355395,615,1645223348067365884,gps_data,42.33712666666667,-71.09060166666667,12.2,327774.6125219299,4689324.768593111,19,T,4
1645223349064441268,616,1645223349063935279,gps_data,42.33712666666667,-71.09060166666667,12.2,327774.6125219299,4689324.768593111,19,T,4
1645223350084404671,617,1645223350082233667,gps_data,42.33712666666667,-71.09060166666667,12.2,327774.6125219299,4689324.768593111,19,T,4
1645223351075103528,618,1645223351073186159,gps_data,42.33712666666667,-71.09060166666667,12.2,327774.6125219299,4689324.768593111,19,T,4
1645223352087811169,619,1645223352087031602,gps_data,42.33712666666667,-71.09060166666667,12.2,327774.6125219299,4689324.768593111,19,T,4
1645223353080685568,620,1645223353080065965,gps_data,42.33712666666667,-71.09060166666667,12.2,327774.6125219299,4689324.768593111,19,T,4
1645223354079305198,621,1645223354078635215,gps_data,42.33712666666667,-71.09060166666667,12.2,327774.6125219299,4689324.768593111,19,T,4
1645223355073105777,622,1645223355072701454,gps_data,42.33712666666667,-71.09060166666667,12.2,327774.6125219299,4689324.768593111,19,T,4
1645223356071938222,623,1645223356069663763,gps_data,42.33712666666667,-71.09060166666667,12.2,327774.6125219299,4689324.768593111,19,T,4
1645223357086421225,624,1645223357084093093,gps_data,42.33712666666667,-71.09060166666667,12.2,327774.6125219299,4689324.768593111,19,T,4
1645223358081966934,625,1645223358079711914,gps_data,42.33712666666667,-71.09060166666667,12.2,327774.6125219299,4689324.768593111,19,T,4
1645223359080984009,626,1645223359079510927,gps_data,42.33712666666667,-71.09060166666667,12.2,327774.6125219299,4689324.768593111,19,T,4
1645223360074364858,627,1645223360073697805,gps_data,42.33712666666667,-71.09060166666667,12.2,327774.6125219299,4689324.768593111,19,T,4
1645223361076036116,628,1645223361073393344,gps_data,42.33712666666667,-71.09060166666667,12.2,327774.6125219299,4689324.768593111,19,T,4
1645223362073885730,629,1645223362071001768,gps_data,42.33712666666667,-71.09060166666667,12.2,327774.6125219299,4689324.768593111,19,T,4
1645223363067251466,630,1645223363066697359,gps_data,42.33712666666667,-71.09060166666667,12.2,327774.6125219299,4689324.768593111,19,T,4
1645223364085982150,631,1645223364083462715,gps_data,42.33712666666667,-71.09060166666667,12.2,327774.6125219299,4689324.768593111,19,T,4
1645223365083129032,632,1645223365080651760,gps_data,42.33712666666667,-71.09060166666667,12.2,327774.6125219299,4689324.768593111,19,T,4
1645223366087348935,633,1645223366086038827,gps_data,42.33712666666667,-71.09060166666667,12.2,327774.6125219299,4689324.768593111,19,T,4
1645223367080881272,634,1645223367079496383,gps_data,42.33712666666667,-71.09060166666667,12.2,327774.6125219299,4689324.768593111,19,T,4
1645223368082073529,635,1645223368080083370,gps_data,42.33712666666667,-71.09060166666667,12.2,327774.6125219299,4689324.768593111,19,T,4
1645223369077055346,636,1645223369075392723,gps_data,42.33712666666667,-71.09060166666667,12.2,327774.6125219299,4689324.768593111,19,T,4
1645223370071197983,637,1645223370070540904,gps_data,42.33712666666667,-71.09060166666667,12.2,327774.6125219299,4689324.768593111,19,T,4
1645223371083506269,638,1645223371082940578,gps_data,42.33712666666667,-71.09060166666667,12.2,327774.6125219299,4689324.768593111,19,T,4
1645223372079466194,639,1645223372076577425,gps_data,42.33712666666667,-71.09060166666667,12.2,327774.6125219299,4689324.768593111,19,T,4
1645223373089651999,640,1645223373089031696,gps_data,42.33712666666667,-71.09060166666667,12.2,327774.6125219299,4689324.768593111,19,T,4
1645223374072507962,641,1645223374070004940,gps_data,42.33712666666667,-71.09060166666667,12.2,327774.6125219299,4689324.768593111,19,T,4
1645223375068924372,642,1645223375068578720,gps_data,42.33712666666667,-71.09060166666667,12.2,327774.6125219299,4689324.768593111,19,T,4
1645223376087310542,643,1645223376084380149,gps_data,42.33712666666667,-71.09060166666667,12.2,327774.6125219299,4689324.768593111,19,T,4
1645223377064845745,644,1645223377062135696,gps_data,42.33712666666667,-71.09060166666667,12.2,327774.6125219299,4689324.768593111,19,T,4
1645223378077861484,645,1645223378075822114,gps_data,42.33712666666667,-71.09060166666667,12.2,327774.6125219299,4689324.768593111,19,T,4
1645223379071140577,646,1645223379069899559,gps_data,42.33712666666667,-71.09060166666667,12.2,327774.6125219299,4689324.768593111,19,T,4
