Time,GPS_Data.seq,GPS_Data.stamp.secs,GPS_Data.stamp.nsecs,GPS_Data.frame_id,lat,lon,alt,utm_easting,utm_northing,zone,letter
1646524462.227305,0,0,0,,42.202417999999994,-71.053789,15.4,330446.58913676173,4674292.678323774,19,T
1646524463.2250228,0,0,0,,42.202417999999994,-71.053789,15.4,330446.58913676173,4674292.678323774,19,T
1646524464.2262967,0,0,0,,42.202417999999994,-71.053789,15.4,330446.58913676173,4674292.678323774,19,T
1646524465.2239676,0,0,0,,42.202417999999994,-71.053789,15.4,330446.58913676173,4674292.678323774,19,T
1646524466.2236152,0,0,0,,42.202417999999994,-71.053789,15.4,330446.58913676173,4674292.678323774,19,T
1646524467.222914,0,0,0,,42.202417999999994,-71.053789,15.4,330446.58913676173,4674292.678323774,19,T
1646524468.2257543,0,0,0,,42.202417999999994,-71.053789,15.4,330446.58913676173,4674292.678323774,19,T
1646524469.2226586,0,0,0,,42.202417999999994,-71.053789,15.4,330446.58913676173,4674292.678323774,19,T
1646524470.2261324,0,0,0,,42.202417999999994,-71.053789,15.4,330446.58913676173,4674292.678323774,19,T
1646524471.2228148,0,0,0,,42.202417999999994,-71.053789,15.4,330446.58913676173,4674292.678323774,19,T
1646524472.2260695,0,0,0,,42.202417999999994,-71.053789,15.4,330446.58913676173,4674292.678323774,19,T
1646524473.2226162,0,0,0,,42.202417999999994,-71.053789,15.4,330446.58913676173,4674292.678323774,19,T
1646524474.222974,0,0,0,,42.202417999999994,-71.053789,15.4,330446.58913676173,4674292.678323774,19,T
1646524475.228233,0,0,0,,42.202417999999994,-71.053789,15.4,330446.58913676173,4674292.678323774,19,T
1646524476.224887,0,0,0,,42.202417999999994,-71.053789,15.5,330446.58913676173,4674292.678323774,19,T
1646524477.2214923,0,0,0,,42.202417999999994,-71.053789,15.5,330446.58913676173,4674292.678323774,19,T
1646524478.221991,0,0,0,,42.202417999999994,-71.053789,15.5,330446.58913676173,4674292.678323774,19,T
1646524479.2278895,0,0,0,,42.202417999999994,-71.053789,15.5,330446.58913676173,4674292.678323774,19,T
1646524480.2224798,0,0,0,,42.202417999999994,-71.053789,15.5,330446.58913676173,4674292.678323774,19,T
1646524481.221994,0,0,0,,42.202417999999994,-71.053789,15.5,330446.58913676173,4674292.678323774,19,T
1646524482.2232602,0,0,0,,42.202417999999994,-71.053789,15.5,330446.58913676173,4674292.678323774,19,T
1646524483.2240937,0,0,0,,42.202417999999994,-71.053789,15.5,330446.58913676173,4674292.678323774,19,T
1646524484.222612,0,0,0,,42.202417999999994,-71.053789,15.5,330446.58913676173,4674292.678323774,19,T
1646524485.2264624,0,0,0,,42.202417999999994,-71.053789,15.5,330446.58913676173,4674292.678323774,19,T
1646524486.2255318,0,0,0,,42.202417999999994,-71.053789,15.5,330446.58913676173,4674292.678323774,19,T
1646524487.2218354,0,0,0,,42.202417999999994,-71.053789,15.5,330446.58913676173,4674292.678323774,19,T
1646524488.222365,0,0,0,,42.202417999999994,-71.053789,15.5,330446.58913676173,4674292.678323774,19,T
1646524489.2208803,0,0,0,,42.202417999999994,-71.053789,15.5,330446.58913676173,4674292.678323774,19,T
1646524490.2198675,0,0,0,,42.202417999999994,-71.053789,15.5,330446.58913676173,4674292.678323774,19,T
1646524491.2241151,0,0,0,,42.202417999999994,-71.053789,15.5,330446.58913676173,4674292.678323774,19,T
1646524492.218385,0,0,0,,42.202417999999994,-71.053789,15.5,330446.58913676173,4674292.678323774,19,T
1646524493.2277472,0,0,0,,42.202417999999994,-71.053789,15.5,330446.58913676173,4674292.678323774,19,T
1646524494.2198677,0,0,0,,42.202417999999994,-71.053789,15.5,330446.58913676173,4674292.678323774,19,T
1646524495.2202642,0,0,0,,42.202417999999994,-71.053789,15.5,330446.58913676173,4674292.678323774,19,T
1646524496.21961,0,0,0,,42.202417999999994,-71.053789,15.5,330446.58913676173,4674292.678323774,19,T
1646524497.2229257,0,0,0,,42.202417999999994,-71.053789,15.5,330446.58913676173,4674292.678323774,19,T
1646524498.2206898,0,0,0,,42.202417999999994,-71.053789,15.5,330446.58913676173,4674292.678323774,19,T
1646524499.2389266,0,0,0,,42.202417999999994,-71.053789,15.6,330446.58913676173,4674292.678323774,19,T
1646524500.2198737,0,0,0,,42.202417999999994,-71.053789,15.6,330446.58913676173,4674292.678323774,19,T
1646524501.2188447,0,0,0,,42.202417999999994,-71.053789,15.6,330446.58913676173,4674292.678323774,19,T
1646524502.2263253,0,0,0,,42.202417999999994,-71.053789,15.6,330446.58913676173,4674292.678323774,19,T
1646524503.2255638,0,0,0,,42.202417999999994,-71.053789,15.6,330446.58913676173,4674292.678323774,19,T
1646524504.2244272,0,0,0,,42.202417999999994,-71.053789,15.6,330446.58913676173,4674292.678323774,19,T
1646524505.222686,0,0,0,,42.202417999999994,-71.053789,15.6,330446.58913676173,4674292.678323774,19,T
1646524506.2244549,0,0,0,,42.202417999999994,-71.05378999999999,15.4,330446.5065768624,4674292.680312607,19,T
1646524507.2258694,0,0,0,,42.202414,-71.053789,15.2,330446.5784371466,4674292.234164322,19,T
1646524508.2217503,0,0,0,,42.202403000000004,-71.053784,15.1,330446.96181280166,4674291.002781675,19,T
1646524509.2198265,0,0,0,,42.202389000000004,-71.05378,14.5,330447.25460400095,4674289.440268291,19,T
1646524510.2243903,0,0,0,,42.202372,-71.053779,14.1,330447.29169082677,4674287.550601804,19,T
1646524511.2208827,0,0,0,,42.202352,-71.053782,13.9,330446.99051311216,4674285.335771035,19,T
1646524512.2221532,0,0,0,,42.202332,-71.053795,13.8,330445.86373515375,4674283.14082862,19,T
1646524513.2255511,0,0,0,,42.202313000000004,-71.053816,13.4,330444.07915116986,4674281.072837072,19,T
1646524514.2214792,0,0,0,,42.202294,-71.053836,13.2,330442.3771262211,4674279.002857077,19,T
1646524515.223924,0,0,0,,42.202273999999996,-71.053856,12.7,330440.67242531874,4674276.821837605,19,T
1646524516.2232542,0,0,0,,42.202251,-71.053871,12.3,330439.37249895115,4674274.297754371,19,T
1646524517.221058,0,0,0,,42.202226,-71.053875,11.8,330438.9753833144,4674271.529713509,19,T
1646524518.2224061,0,0,0,,42.202204,-71.053867,11.4,330439.57701462193,4674269.07092529,19,T
1646524519.2218382,0,0,0,,42.202187,-71.053848,10.8,330441.10018353094,4674267.145458604,19,T
1646524520.2199051,0,0,0,,42.202176,-71.053822,10.6,330443.2173244622,4674265.872309363,19,T
1646524521.2173092,0,0,0,,42.20217400000001,-71.053793,10.2,330445.6062208911,4674265.592553004,19,T
1646524522.2183967,0,0,0,,42.20218,-71.053764,9.8,330448.0165163391,4674266.201116329,19,T
1646524523.219858,0,0,0,,42.202192999999994,-71.053739,9.4,330450.11529431277,4674267.594914608,19,T
1646524524.2198908,0,0,0,,42.202213,-71.05372,9.1,330451.73743401637,4674269.77792508,19,T
1646524525.217526,0,0,0,,42.202237,-71.053711,8.9,330452.5446705201,4674272.424982857,19,T
1646524526.2190948,0,0,0,,42.20226399999999,-71.05371600000001,8.8,330452.204089448,4674275.433002867,19,T
1646524527.223215,0,0,0,,42.202285,-71.053732,8.9,330450.93929912266,4674277.796660245,19,T
1646524528.2160945,0,0,0,,42.202302,-71.053759,9.1,330448.755649765,4674279.738035219,19,T
1646524529.220818,0,0,0,,42.20230899999999,-71.053791,9.1,330446.13245246257,4674280.578956456,19,T
1646524530.2166505,0,0,0,,42.202306,-71.053822,9.1,330443.56506636494,4674280.307491212,19,T
1646524531.2178502,0,0,0,,42.202294,-71.053849,9.0,330441.3038454312,4674279.028712573,19,T
1646524532.2182772,0,0,0,,42.202273999999996,-71.053866,9.0,330439.8468244487,4674276.841726628,19,T
1646524533.2166688,0,0,0,,42.202251,-71.053872,8.8,330439.28993883164,4674274.299743283,19,T
1646524534.2163393,0,0,0,,42.202228999999996,-71.053867,8.7,330439.6438894997,4674271.846921796,19,T
1646524535.2215784,0,0,0,,42.202209999999994,-71.05385,8.6,330440.99658748775,4674269.703353159,19,T
1646524536.2198822,0,0,0,,42.202197999999996,-71.053825,8.5,330443.0284924713,4674268.321152866,19,T
1646524537.2186806,0,0,0,,42.202194,-71.053794,8.5,330445.57715863874,4674267.815339024,19,T
1646524538.21776,0,0,0,,42.202200000000005,-71.053763,8.4,330448.1525737095,4674268.419924704,19,T
1646524539.2179754,0,0,0,,42.202214999999995,-71.053737,8.3,330450.339260845,4674270.033813946,19,T
1646524540.2162352,0,0,0,,42.202237,-71.053721,8.2,330451.71906917513,4674272.444870472,19,T
1646524541.2175844,0,0,0,,42.202263,-71.053718,8.2,330452.0362944453,4674275.325940533,19,T
1646524542.2173858,0,0,0,,42.202287,-71.053727,8.2,330451.35744911496,4674278.00879609,19,T
1646524543.217857,0,0,0,,42.202308,-71.05375,8.4,330449.51473929925,4674280.386375193,19,T
1646524544.2190835,0,0,0,,42.202318,-71.053781,8.5,330446.9821268689,4674281.558426913,19,T
1646524545.21736,0,0,0,,42.202318,-71.053813,8.5,330444.340205926,4674281.622069809,19,T
1646524546.2181244,0,0,0,,42.20230899999999,-71.053842,8.5,330441.9218903618,4674280.680388283,19,T
1646524547.217708,0,0,0,,42.202293,-71.053863,8.4,330440.14532958297,4674278.945517277,19,T
1646524548.2180774,0,0,0,,42.202271,-71.053875,8.4,330439.0957586383,4674276.526507247,19,T
1646524549.2173383,0,0,0,,42.202247,-71.053875,8.3,330439.0315584524,4674273.861550583,19,T
1646524550.2196257,0,0,0,,42.202225,-71.053864,8.3,330439.88086996897,4674271.396795635,19,T
1646524551.220486,0,0,0,,42.202208,-71.053843,8.1,330441.56915875425,4674269.467351226,19,T
1646524552.2168975,0,0,0,,42.202199,-71.053815,8.1,330443.8567692564,4674268.412304108,19,T
1646524553.2184753,0,0,0,,42.202199,-71.05378300000001,8.1,330446.4986951621,4674268.348661175,19,T
1646524554.2179863,0,0,0,,42.202209,-71.053752,8.1,330449.0848093254,4674269.397406623,19,T
1646524555.2176983,0,0,0,,42.202227,-71.05373,8.1,330450.9492797895,4674271.352370811,19,T
1646524556.2157803,0,0,0,,42.20225000000001,-71.05372,8.0,330451.83640177327,4674273.886399884,19,T
1646524557.2168899,0,0,0,,42.202273999999996,-71.053724,7.9,330451.5703567683,4674276.559311593,19,T
1646524558.2179115,0,0,0,,42.202297,-71.053741,8.3,330450.2283564892,4674279.147037609,19,T
1646524559.217251,0,0,0,,42.202313000000004,-71.05377,8.4,330447.87691281957,4674280.98135059,19,T
1646524560.2186012,0,0,0,,42.202318,-71.053803,8.4,330445.16580621956,4674281.602181298,19,T
1646524561.216133,0,0,0,,42.202312,-71.05383499999999,8.4,330442.50783552625,4674280.999585705,19,T
1646524562.2181334,0,0,0,,42.202297,-71.05386,8.4,330440.4037097291,4674279.383710016,19,T
1646524563.21726,0,0,0,,42.202273999999996,-71.053875,8.3,330439.1037836636,4674276.859626831,19,T
1646524564.2174234,0,0,0,,42.202248,-71.053876,8.2,330438.9516733382,4674273.9745793585,19,T
1646524565.2156017,0,0,0,,42.202225,-71.053863,8.2,330439.96343012026,4674271.394806731,19,T
1646524566.2186446,0,0,0,,42.202209,-71.053838,8.1,330441.9846345759,4674269.568446677,19,T
1646524567.217298,0,0,0,,42.202202,-71.05380699999999,8.1,330444.52527548413,4674268.72951286,19,T
1646524568.2179277,0,0,0,,42.202206,-71.053773,8.0,330447.34302111063,4674269.106051978,19,T
1646524569.217778,0,0,0,,42.20222,-71.053743,8.0,330449.8572740343,4674270.60094595,19,T
1646524570.2149513,0,0,0,,42.202242,-71.053724,8.0,330451.4847628217,4674273.006036073,19,T
1646524571.21783,0,0,0,,42.202267,-71.05371699999999,8.0,330452.1295537567,4674275.768111208,19,T
1646524572.2156985,0,0,0,,42.202292,-71.05371699999999,8.1,330452.1964238272,4674278.544107717,19,T
1646524573.2145035,0,0,0,,42.202317,-71.053721,8.3,330451.9330538076,4674281.328059296,19,T
1646524574.2145429,0,0,0,,42.202341,-71.053724,8.5,330451.7495692661,4674283.99898227,19,T
1646524575.2155643,0,0,0,,42.202363,-71.053726,8.6,330451.6432952704,4674286.445836767,19,T
1646524576.2147214,0,0,0,,42.20238500000001,-71.05373,8.7,330451.3719015303,4674288.896668826,19,T
1646524577.2208734,0,0,0,,42.202403000000004,-71.053735,8.7,330451.0072488023,4674290.905330243,19,T
1646524578.217611,0,0,0,,42.202419,-71.05374,8.7,330450.6372466454,4674292.691911962,19,T
1646524579.2248118,0,0,0,,42.202429,-71.053746,8.7,330450.16863573994,4674293.814243324,19,T
1646524580.21726,0,0,0,,42.202434000000004,-71.053749,8.8,330449.9343303499,4674294.375409021,19,T
1646524581.2202408,0,0,0,,42.202434999999994,-71.053749,8.8,330449.9370052025,4674294.486448882,19,T
1646524582.2162309,0,0,0,,42.202434999999994,-71.053749,8.8,330449.9370052025,4674294.486448882,19,T
1646524583.2174904,0,0,0,,42.202434999999994,-71.053749,8.8,330449.9370052025,4674294.486448882,19,T
1646524584.2203941,0,0,0,,42.202434999999994,-71.053749,8.8,330449.9370052025,4674294.486448882,19,T
1646524585.216719,0,0,0,,42.202434999999994,-71.053749,8.8,330449.9370052025,4674294.486448882,19,T
1646524586.2164757,0,0,0,,42.202434999999994,-71.053749,8.8,330449.9370052025,4674294.486448882,19,T
1646524587.2190282,0,0,0,,42.202434999999994,-71.053749,8.8,330449.9370052025,4674294.486448882,19,T
1646524588.2190614,0,0,0,,42.202434999999994,-71.053749,8.8,330449.9370052025,4674294.486448882,19,T
1646524589.2185948,0,0,0,,42.202434999999994,-71.053749,8.8,330449.9370052025,4674294.486448882,19,T
1646524590.2190106,0,0,0,,42.202434999999994,-71.05375,8.9,330449.85444532766,4674294.488437679,19,T
1646524591.219638,0,0,0,,42.202434999999994,-71.05375,8.9,330449.85444532766,4674294.488437679,19,T
1646524592.2188644,0,0,0,,42.202434999999994,-71.05375,8.9,330449.85444532766,4674294.488437679,19,T
1646524593.216154,0,0,0,,42.202434999999994,-71.05375,8.9,330449.85444532766,4674294.488437679,19,T
1646524594.2179346,0,0,0,,42.202434999999994,-71.05375,8.9,330449.85444532766,4674294.488437679,19,T
1646524595.219535,0,0,0,,42.202434999999994,-71.05375,8.9,330449.85444532766,4674294.488437679,19,T
1646524596.2198713,0,0,0,,42.202434999999994,-71.05375,8.9,330449.85444532766,4674294.488437679,19,T
1646524597.216497,0,0,0,,42.202434999999994,-71.05375,8.9,330449.85444532766,4674294.488437679,19,T
1646524598.2163646,0,0,0,,42.202434999999994,-71.05375,8.9,330449.85444532766,4674294.488437679,19,T
1646524599.2165911,0,0,0,,42.202434999999994,-71.05375,9.0,330449.85444532766,4674294.488437679,19,T
1646524600.217022,0,0,0,,42.202434999999994,-71.05375,9.0,330449.85444532766,4674294.488437679,19,T
1646524601.2154436,0,0,0,,42.202434999999994,-71.05375,9.0,330449.85444532766,4674294.488437679,19,T
1646524602.2160807,0,0,0,,42.202434999999994,-71.05375,9.0,330449.85444532766,4674294.488437679,19,T
1646524603.2163398,0,0,0,,42.202434999999994,-71.05375,9.0,330449.85444532766,4674294.488437679,19,T
1646524604.2155228,0,0,0,,42.202434999999994,-71.05375,9.0,330449.85444532766,4674294.488437679,19,T
1646524605.2154,0,0,0,,42.202434999999994,-71.05375,9.0,330449.85444532766,4674294.488437679,19,T
1646524606.2157426,0,0,0,,42.202434999999994,-71.05375,9.0,330449.85444532766,4674294.488437679,19,T
1646524607.216868,0,0,0,,42.202434999999994,-71.053752,9.1,330449.68932557374,4674294.492415272,19,T
1646524608.2182612,0,0,0,,42.202439000000005,-71.053755,9.1,330449.4523453871,4674294.942541124,19,T
1646524609.2167373,0,0,0,,42.202448999999994,-71.05376,9.1,330449.0662947023,4674296.062883771,19,T
1646524610.2149644,0,0,0,,42.202466,-71.053768,9.2,330448.4512887695,4674297.966471931,19,T
1646524611.2159653,0,0,0,,42.202487,-71.05378,9.4,330447.51674353244,4674300.322174907,19,T
1646524612.219124,0,0,0,,42.202512999999996,-71.053794,9.4,330446.4304539866,4674303.237055033,19,T
1646524613.2151616,0,0,0,,42.202542,-71.053808,9.4,330445.352190229,4674306.485054963,19,T
1646524614.2159305,0,0,0,,42.202572,-71.053822,9.5,330444.27660252945,4674309.844094969,19,T
1646524615.2168605,0,0,0,,42.202605000000005,-71.05383499999999,9.6,330443.2916005489,4674313.534265906,19,T
1646524616.219372,0,0,0,,42.202639,-71.053848,10.1,330442.3092747326,4674317.335476898,19,T
1646524617.2176352,0,0,0,,42.202673000000004,-71.053859,10.7,330441.4920692666,4674321.132710271,19,T
1646524618.217434,0,0,0,,42.202707000000004,-71.053869,11.5,330440.757424354,4674324.927954871,19,T
1646524619.2170348,0,0,0,,42.202743,-71.053878,12.0,330440.11068994144,4674328.94329041,19,T
1646524620.2166526,0,0,0,,42.202779,-71.053887,12.8,330439.4639564385,4674332.958626055,19,T
1646524621.2180326,0,0,0,,42.202816000000006,-71.05389600000001,13.0,330438.8198989113,4674337.0850016745,19,T
1646524622.2172842,0,0,0,,42.202851,-71.053905,13.5,330438.1704921677,4674340.989297657,19,T
1646524623.2182028,0,0,0,,42.202883,-71.05391300000001,14.8,330437.59562033124,4674344.558485172,19,T
1646524624.217488,0,0,0,,42.202917,-71.05392499999999,15.2,330436.69586242095,4674348.357708381,19,T
1646524625.2167535,0,0,0,,42.202948,-71.053938,16.0,330435.7055210493,4674351.825801114,19,T
1646524626.217051,0,0,0,,42.202985,-71.05395800000001,14.7,330434.1533175232,4674355.9740562625,19,T
1646524627.2228513,0,0,0,,42.203017,-71.053973,15.1,330433.0005356807,4674359.557167368,19,T
1646524628.2171767,0,0,0,,42.203049,-71.05399,15.3,330431.68263698847,4674363.144256775,19,T
1646524629.2149901,0,0,0,,42.203082,-71.054007,15.2,330430.3674149867,4674366.842386366,19,T
1646524630.2141147,0,0,0,,42.203118,-71.054024,14.3,330429.0602202444,4674370.873635893,19,T
1646524631.2178817,0,0,0,,42.203152,-71.054042,13.5,330427.6651176788,4674374.684795057,19,T
1646524632.2176993,0,0,0,,42.203187,-71.05405999999999,12.8,330426.2726920645,4674378.6069944445,19,T
1646524633.2172623,0,0,0,,42.20322,-71.054081,13.0,330424.6272409444,4674382.313081777,19,T
1646524634.2191133,0,0,0,,42.203255,-71.0541,12.5,330423.1522600156,4674386.23727104,19,T
1646524635.2173984,0,0,0,,42.203289999999996,-71.05412,12.4,330421.59472211835,4674390.163449844,19,T
1646524636.2129848,0,0,0,,42.203327,-71.05413800000001,12.0,330420.2076543572,4674394.307730469,19,T
1646524637.212538,0,0,0,,42.203364,-71.054156,11.6,330418.82058839983,4674398.452011443,19,T
1646524638.2136528,0,0,0,,42.20340100000001,-71.054173,11.3,330417.5160828703,4674402.594303549,19,T
1646524639.2141807,0,0,0,,42.203437,-71.054191,11.1,330416.12634499796,4674406.627545314,19,T
1646524640.2165823,0,0,0,,42.203475,-71.054201,10.0,330415.4024280764,4674410.866953237,19,T
1646524641.2139184,0,0,0,,42.203511,-71.054215,9.5,330414.3429272966,4674414.892238529,19,T
1646524642.214755,0,0,0,,42.203544,-71.05423,9.2,330413.1928428535,4674418.586393651,19,T
1646524643.214877,0,0,0,,42.203573999999996,-71.054249,9.5,330411.704499505,4674421.9553865,19,T
1646524644.2206144,0,0,0,,42.203603,-71.05426800000001,10.0,330410.21348209784,4674425.213339836,19,T
1646524645.2192898,0,0,0,,42.203630999999994,-71.054284,10.0,330408.9674655123,4674428.354285685,19,T
1646524646.2189214,0,0,0,,42.203652000000005,-71.054298,10.2,330407.8678372804,4674430.71397392,19,T
1646524647.2190845,0,0,0,,42.203666999999996,-71.054307,10.2,330407.16494730295,4674432.397476291,19,T
1646524648.218575,0,0,0,,42.203675000000004,-71.054311,10.2,330406.8561194041,4674433.293752781,19,T
1646524649.2181268,0,0,0,,42.203675999999994,-71.054311,10.2,330406.85879505373,4674433.404792667,19,T
1646524650.2188747,0,0,0,,42.203675999999994,-71.054311,10.2,330406.85879505373,4674433.404792667,19,T
1646524651.2186363,0,0,0,,42.203675999999994,-71.054311,10.2,330406.85879505373,4674433.404792667,19,T
1646524652.2168064,0,0,0,,42.203675999999994,-71.054311,10.2,330406.85879505373,4674433.404792667,19,T
1646524653.219117,0,0,0,,42.203675999999994,-71.054311,10.2,330406.85879505373,4674433.404792667,19,T
1646524654.2188833,0,0,0,,42.203675999999994,-71.054311,10.3,330406.85879505373,4674433.404792667,19,T
1646524655.2165508,0,0,0,,42.203675999999994,-71.054311,10.3,330406.85879505373,4674433.404792667,19,T
1646524656.2230961,0,0,0,,42.203675999999994,-71.054311,10.3,330406.85879505373,4674433.404792667,19,T
1646524657.2199185,0,0,0,,42.203675999999994,-71.054311,10.3,330406.85879505373,4674433.404792667,19,T
1646524658.218924,0,0,0,,42.203675999999994,-71.054311,10.3,330406.85879505373,4674433.404792667,19,T
1646524659.2191603,0,0,0,,42.203675999999994,-71.054311,10.3,330406.85879505373,4674433.404792667,19,T
1646524660.2177932,0,0,0,,42.203675999999994,-71.054311,10.4,330406.85879505373,4674433.404792667,19,T
1646524661.2195604,0,0,0,,42.203675999999994,-71.054311,10.4,330406.85879505373,4674433.404792667,19,T
1646524662.2203844,0,0,0,,42.203675999999994,-71.054311,10.4,330406.85879505373,4674433.404792667,19,T
1646524663.2199743,0,0,0,,42.203675999999994,-71.054311,10.4,330406.85879505373,4674433.404792667,19,T
1646524664.219092,0,0,0,,42.203675999999994,-71.054311,10.5,330406.85879505373,4674433.404792667,19,T
1646524665.2192187,0,0,0,,42.203675999999994,-71.054311,10.5,330406.85879505373,4674433.404792667,19,T
1646524666.2192237,0,0,0,,42.203675999999994,-71.054311,10.5,330406.85879505373,4674433.404792667,19,T
1646524667.2190857,0,0,0,,42.203675999999994,-71.054311,10.5,330406.85879505373,4674433.404792667,19,T
1646524668.2191947,0,0,0,,42.203675999999994,-71.054311,10.5,330406.85879505373,4674433.404792667,19,T
1646524669.2308521,0,0,0,,42.203675999999994,-71.054311,10.5,330406.85879505373,4674433.404792667,19,T
1646524670.2184775,0,0,0,,42.203677,-71.054311,10.6,330406.8614707035,4674433.5158325555,19,T
1646524671.218599,0,0,0,,42.203677,-71.054311,10.6,330406.8614707035,4674433.5158325555,19,T
1646524672.2161512,0,0,0,,42.203677,-71.054311,10.6,330406.8614707035,4674433.5158325555,19,T
1646524673.218267,0,0,0,,42.203677,-71.05431,10.6,330406.944028962,4674433.513843209,19,T
1646524674.2195442,0,0,0,,42.203677,-71.05431,10.6,330406.944028962,4674433.513843209,19,T
1646524675.2200541,0,0,0,,42.203677,-71.05431,10.6,330406.944028962,4674433.513843209,19,T
1646524676.2183201,0,0,0,,42.203677,-71.05431,10.6,330406.944028962,4674433.513843209,19,T
1646524677.2179298,0,0,0,,42.203677,-71.05431,10.4,330406.944028962,4674433.513843209,19,T
1646524678.219181,0,0,0,,42.203682,-71.05431,10.2,330406.9574072049,4674434.069042649,19,T
1646524679.2180054,0,0,0,,42.203693,-71.054311,9.8,330406.9042811063,4674435.292470767,19,T
1646524680.2171357,0,0,0,,42.203708,-71.054314,9.5,330406.6967412104,4674436.964037145,19,T
1646524681.2169843,0,0,0,,42.203724,-71.054317,9.1,330406.4918771035,4674438.746643422,19,T
1646524682.2143414,0,0,0,,42.203738,-71.054317,8.9,330406.52933634893,4674440.301201869,19,T
1646524683.2166417,0,0,0,,42.203752,-71.054315,8.6,330406.73191193014,4674441.851781612,19,T
1646524684.2147436,0,0,0,,42.203765000000004,-71.05431,8.3,330407.17948622705,4674443.285353425,19,T
1646524685.2144415,0,0,0,,42.203778,-71.054298,8.1,330408.20496726304,4674444.704999885,19,T
1646524686.2156687,0,0,0,,42.203793,-71.05428,7.9,330409.73114780185,4674446.334790337,19,T
1646524687.2109175,0,0,0,,42.203807,-71.054255,7.7,330411.8325586856,4674447.839616125,19,T
1646524688.2144792,0,0,0,,42.203821,-71.054224,7.5,330414.42931709625,4674449.332506913,19,T
1646524689.2112427,0,0,0,,42.203838,-71.054187,7.5,330417.5294491914,4674451.146582907,19,T
1646524690.2183828,0,0,0,,42.203857,-71.054145,7.4,330421.0477206781,4674453.172794051,19,T
1646524691.2175198,0,0,0,,42.203876,-71.054099,7.3,330424.89622209186,4674455.191050316,19,T
1646524692.2137616,0,0,0,,42.203897,-71.054052,7.1,330428.83262985456,4674457.429399308,19,T
1646524693.214917,0,0,0,,42.203917000000004,-71.05400300000001,6.9,330432.93147568626,4674459.55273244,19,T
1646524694.211857,0,0,0,,42.203936000000006,-71.053953,6.7,330437.1102016923,4674461.563038999,19,T
1646524695.2095184,0,0,0,,42.203956,-71.053902,6.5,330441.37415825634,4674463.68239891,19,T
1646524696.2135537,0,0,0,,42.203976000000004,-71.053849,6.3,330445.8032279009,4674465.79778353,19,T
1646524697.2130637,0,0,0,,42.203997,-71.053795,6.1,330450.31752762554,4674468.022221902,19,T
1646524698.212878,0,0,0,,42.20402,-71.053739,6.1,330455.00228986895,4674470.464765281,19,T
1646524699.215641,0,0,0,,42.204041,-71.053681,6.2,330459.8468146311,4674472.681254428,19,T
1646524700.2117486,0,0,0,,42.204063999999995,-71.05362199999999,6.2,330464.77924352104,4674475.117837924,19,T
1646524701.2089233,0,0,0,,42.20408499999999,-71.053566,6.1,330469.4586463162,4674477.338310887,19,T
1646524702.2084458,0,0,0,,42.204104,-71.053516,6.2,330473.63735059975,4674479.348638565,19,T
1646524703.2099783,0,0,0,,42.204120999999994,-71.053472,6.1,330477.3153572073,4674481.148820089,19,T
1646524704.2100158,0,0,0,,42.204134999999994,-71.053434,6.0,330480.4899923506,4674482.627814808,19,T
1646524705.2149446,0,0,0,,42.204147000000006,-71.053403,5.9,330483.08137364686,4674483.898650415,19,T
1646524706.2138126,0,0,0,,42.204156000000005,-71.05337800000001,5.8,330485.1693848406,4674484.848297946,19,T
1646524707.2136126,0,0,0,,42.204162,-71.05336100000001,5.7,330486.5889111834,4674485.480733825,19,T
1646524708.2098718,0,0,0,,42.204165,-71.053351,5.6,330487.42251068336,4674485.793969238,19,T
1646524709.2081037,0,0,0,,42.204165,-71.053348,5.5,330487.6701835417,4674485.788003979,19,T
1646524710.2104144,0,0,0,,42.204165,-71.053347,5.5,330487.75274116115,4674485.786015562,19,T
1646524711.2157938,0,0,0,,42.204165,-71.053348,5.5,330487.6701835417,4674485.788003979,19,T
1646524712.2132573,0,0,0,,42.204165,-71.053348,5.5,330487.6701835417,4674485.788003979,19,T
1646524713.2097363,0,0,0,,42.204165,-71.053348,5.6,330487.6701835417,4674485.788003979,19,T
1646524714.212083,0,0,0,,42.204165999999994,-71.053348,5.6,330487.67285796127,4674485.899043867,19,T
1646524715.2107205,0,0,0,,42.204165999999994,-71.053348,5.6,330487.67285796127,4674485.899043867,19,T
1646524716.2118652,0,0,0,,42.204165999999994,-71.053348,5.6,330487.67285796127,4674485.899043867,19,T
1646524717.2077157,0,0,0,,42.204165999999994,-71.053348,5.7,330487.67285796127,4674485.899043867,19,T
1646524718.2064967,0,0,0,,42.204165999999994,-71.053348,5.7,330487.67285796127,4674485.899043867,19,T
1646524719.2061675,0,0,0,,42.204165999999994,-71.053348,5.7,330487.67285796127,4674485.899043867,19,T
1646524720.2125432,0,0,0,,42.204165999999994,-71.053348,5.7,330487.67285796127,4674485.899043867,19,T
1646524721.209019,0,0,0,,42.204167,-71.053345,5.7,330487.92320523143,4674486.004118509,19,T
1646524722.214312,0,0,0,,42.204170000000005,-71.053334,5.6,330488.8393622143,4674486.315365671,19,T
1646524723.210425,0,0,0,,42.204178,-71.053314,5.6,330490.5119094718,4674487.163916893,19,T
1646524724.216551,0,0,0,,42.204188,-71.053289,5.6,330492.60259295354,4674488.224606465,19,T
1646524725.2159603,0,0,0,,42.2042,-71.053258,5.6,330495.1939698513,4674489.495446417,19,T
1646524726.21418,0,0,0,,42.204215000000005,-71.053223,5.6,330498.12359878496,4674491.091453772,19,T
1646524727.2167547,0,0,0,,42.204234,-71.053183,6.0,330501.47671085614,4674493.121680561,19,T
1646524728.2229075,0,0,0,,42.204252,-71.053138,5.9,330505.239934322,4674495.0309279235,19,T
1646524729.2113957,0,0,0,,42.204274,-71.05309100000001,6.2,330509.178967005,4674497.38036046,19,T
1646524730.213804,0,0,0,,42.204297,-71.05304100000001,6.5,330513.36834337085,4674499.834870654,19,T
1646524731.215407,0,0,0,,42.204318,-71.052987,6.4,330517.8825985011,4674502.059351201,19,T
1646524732.2118006,0,0,0,,42.204344,-71.052933,6.9,330522.4102201207,4674504.839034014,19,T
1646524733.211908,0,0,0,,42.204367000000005,-71.052876,6.8,330527.1774887025,4674507.279636089,19,T
1646524734.212219,0,0,0,,42.204388,-71.05282100000001,6.8,330531.7742917418,4674509.502137338,19,T
1646524735.2135348,0,0,0,,42.204411,-71.052766,6.8,330536.3764391237,4674511.94672129,19,T
1646524736.2116103,0,0,0,,42.204434,-71.052711,6.7,330540.9785832212,4674514.391308166,19,T
1646524737.2118354,0,0,0,,42.204458,-71.052654,6.7,330545.74851203046,4674516.942962361,19,T
1646524738.2116773,0,0,0,,42.204480000000004,-71.05259699999999,6.6,330550.5130903743,4674519.272539917,19,T
1646524739.2147458,0,0,0,,42.204502000000005,-71.052541,6.6,330555.1951082767,4674521.604108249,19,T
1646524740.2126517,0,0,0,,42.20452100000001,-71.052486,6.6,330559.78654589015,4674523.604547526,19,T
1646524741.2123685,0,0,0,,42.204541,-71.052432,6.5,330564.2980969009,4674525.71801715,19,T
1646524742.2119932,0,0,0,,42.20456,-71.052381,6.5,330568.55930062744,4674527.72641215,19,T
1646524743.212503,0,0,0,,42.204577,-71.052335,6.4,330572.4023702197,4674529.522667063,19,T
1646524744.2119153,0,0,0,,42.204594,-71.052294,6.4,330575.83265250747,4674531.328861009,19,T
1646524745.2124295,0,0,0,,42.204613,-71.052255,6.3,330579.10316495504,4674533.361111078,19,T
1646524746.2160654,0,0,0,,42.204631,-71.052217,6.3,330582.2884455073,4674535.284310055,19,T
1646524747.2134237,0,0,0,,42.204648999999996,-71.052179,6.2,330585.4737242854,4674537.207510424,19,T
1646524748.2110946,0,0,0,,42.204665999999996,-71.052141,6.2,330588.65632841754,4674539.019672302,19,T
1646524749.2086842,0,0,0,,42.204682000000005,-71.052103,6.1,330591.8362580496,4674540.720795685,19,T
1646524750.2089221,0,0,0,,42.204698,-71.052068,6.1,330594.7685153502,4674542.427882002,19,T
1646524751.2084198,0,0,0,,42.204716,-71.052037,6.1,330597.37588908745,4674544.364997879,19,T
1646524752.2063584,0,0,0,,42.204734,-71.052009,6.0,330599.7355907714,4674546.308076051,19,T
1646524753.2045922,0,0,0,,42.204752,-71.051985,6.0,330601.76506376534,4674548.259103379,19,T
1646524754.2113836,0,0,0,,42.204766,-71.051967,5.9,330603.28850410576,4674549.777894186,19,T
1646524755.2041285,0,0,0,,42.204772999999996,-71.051958,5.9,330604.0502240338,4674550.537289708,19,T
1646524756.2084827,0,0,0,,42.204772999999996,-71.051956,5.9,330604.215337671,4674550.53331556,19,T
1646524757.2162967,0,0,0,,42.204772000000006,-71.051956,5.9,330604.2126650348,4674550.422275671,19,T
1646524758.2141244,0,0,0,,42.204772000000006,-71.051956,5.9,330604.2126650348,4674550.422275671,19,T
1646524759.214027,0,0,0,,42.204772000000006,-71.051956,5.9,330604.2126650348,4674550.422275671,19,T
1646524760.2146,0,0,0,,42.204771,-71.05195499999999,5.9,330604.29254922294,4674550.309248707,19,T
1646524761.2117858,0,0,0,,42.204771,-71.05195499999999,5.9,330604.29254922294,4674550.309248707,19,T
1646524762.2133222,0,0,0,,42.204771,-71.05195499999999,5.9,330604.29254922294,4674550.309248707,19,T
1646524763.2108762,0,0,0,,42.204771,-71.05195499999999,6.0,330604.29254922294,4674550.309248707,19,T
1646524764.2111447,0,0,0,,42.204771,-71.05195499999999,6.0,330604.29254922294,4674550.309248707,19,T
1646524765.2164805,0,0,0,,42.204771,-71.05195499999999,6.0,330604.29254922294,4674550.309248707,19,T
1646524766.2158155,0,0,0,,42.204769999999996,-71.05195499999999,6.0,330604.2898765881,4674550.198208815,19,T
1646524767.2148368,0,0,0,,42.204769999999996,-71.05195499999999,6.0,330604.2898765881,4674550.198208815,19,T
1646524768.2118611,0,0,0,,42.204771,-71.05195499999999,6.0,330604.29254922294,4674550.309248707,19,T
1646524769.207772,0,0,0,,42.204771,-71.05195499999999,6.0,330604.29254922294,4674550.309248707,19,T
1646524770.2106578,0,0,0,,42.204771,-71.05195499999999,6.0,330604.29254922294,4674550.309248707,19,T
1646524771.2190666,0,0,0,,42.204771,-71.05195499999999,6.0,330604.29254922294,4674550.309248707,19,T
1646524772.2133083,0,0,0,,42.204771,-71.05195499999999,6.0,330604.29254922294,4674550.309248707,19,T
1646524773.2115297,0,0,0,,42.204771,-71.05195499999999,6.0,330604.29254922294,4674550.309248707,19,T
1646524774.2134113,0,0,0,,42.204771,-71.05195499999999,6.0,330604.29254922294,4674550.309248707,19,T
1646524775.2110486,0,0,0,,42.204771,-71.05195499999999,6.0,330604.29254922294,4674550.309248707,19,T
1646524776.2155066,0,0,0,,42.204771,-71.05195499999999,6.0,330604.29254922294,4674550.309248707,19,T
1646524777.2130833,0,0,0,,42.204771,-71.05195499999999,6.1,330604.29254922294,4674550.309248707,19,T
1646524778.2123582,0,0,0,,42.204771,-71.051956,6.1,330604.2099923986,4674550.31123578,19,T
1646524779.213545,0,0,0,,42.204771,-71.051956,6.1,330604.2099923986,4674550.31123578,19,T
1646524780.2112734,0,0,0,,42.204772000000006,-71.05195499999999,6.1,330604.29522185784,4674550.420288599,19,T
1646524781.208117,0,0,0,,42.204776,-71.05194900000001,6.2,330604.801253288,4674550.852525746,19,T
1646524782.2131183,0,0,0,,42.204786000000006,-71.051936,6.2,330605.9012179957,4674551.937092874,19,T
1646524783.2089906,0,0,0,,42.2048,-71.051916,6.1,330607.58977023035,4674553.451910463,19,T
1646524784.208436,0,0,0,,42.20482,-71.051893,6.2,330609.54202738125,4674555.627006746,19,T
1646524785.2069273,0,0,0,,42.204842,-71.051866,6.4,330611.8298553188,4674558.016235372,19,T
1646524786.2074418,0,0,0,,42.20486700000001,-71.051839,6.7,330614.1256991987,4674560.738584379,19,T
1646524787.2088234,0,0,0,,42.204893,-71.05181400000001,7.1,330616.2591004726,4674563.575947853,19,T
1646524788.2093334,0,0,0,,42.204916999999995,-71.051789,7.3,330618.3871552357,4674566.191232152,19,T
1646524789.2156982,0,0,0,,42.20493999999999,-71.051766,7.4,330620.34742286225,4674568.6994509455,19,T
1646524790.2100518,0,0,0,,42.204964,-71.051739,7.4,330622.64058778074,4674571.310762683,19,T
1646524791.2062693,0,0,0,,42.204989,-71.051707,7.4,330625.3492060489,4674574.023180843,19,T
1646524792.2071273,0,0,0,,42.20501599999999,-71.051673,7.4,330628.22827982163,4674576.953706178,19,T
1646524793.2106059,0,0,0,,42.205044,-71.051636,7.4,330631.3576928637,4674579.98931223,19,T
1646524794.2046542,0,0,0,,42.205072,-71.051597,7.4,330634.65221609396,4674583.020946151,19,T
1646524795.2036147,0,0,0,,42.205096999999995,-71.051554,7.3,330638.2689456856,4674585.711515116,19,T
1646524796.202899,0,0,0,,42.205123,-71.051511,7.3,330641.8883445713,4674588.513125761,19,T
1646524797.2024553,0,0,0,,42.205149,-71.051469,7.2,330645.42518424254,4674591.316724799,19,T
1646524798.204527,0,0,0,,42.205181,-71.05143,7.2,330648.73038404266,4674594.792524599,19,T
1646524799.206821,0,0,0,,42.205213,-71.05139100000001,7.2,330652.03558063385,4674598.268325873,19,T
1646524800.2068822,0,0,0,,42.205244,-71.051354,7.1,330655.17298973794,4674601.63706171,19,T
1646524801.2015147,0,0,0,,42.205274,-71.051318,7.1,330658.2251679037,4674604.896745437,19,T
1646524802.2079148,0,0,0,,42.205304,-71.051282,7.0,330661.27734329127,4674608.156430421,19,T
1646524803.2026663,0,0,0,,42.205335,-71.051245,7.0,330664.4147437278,4674611.525170167,19,T
1646524804.207153,0,0,0,,42.205368,-71.05120600000001,7.0,330667.72259667586,4674615.112018333,19,T
1646524805.2064455,0,0,0,,42.20540200000001,-71.051165,7.0,330671.19822995004,4674618.805935246,19,T
1646524806.202398,0,0,0,,42.205438,-71.05112199999999,7.0,330674.8443147093,4674622.717961038,19,T
1646524807.2022767,0,0,0,,42.205475,-71.051078,7.0,330678.5756229147,4674626.739042297,19,T
1646524808.207272,0,0,0,,42.205514,-71.051033,7.2,330682.3948257321,4674630.980219041,19,T
1646524809.2075765,0,0,0,,42.205554,-71.050985,7.3,330686.46436284576,4674635.326479231,19,T
1646524810.2019036,0,0,0,,42.20559599999999,-71.050937,7.4,330690.5392377225,4674639.894821451,19,T
1646524811.2000482,0,0,0,,42.20564,-71.050889,7.7,330694.6194500042,4674644.685245703,19,T
1646524812.2110362,0,0,0,,42.205683,-71.050838,7.6,330698.944652518,4674649.358674302,19,T
1646524813.210039,0,0,0,,42.205726999999996,-71.050786,7.6,330703.3550761274,4674654.141159378,19,T
1646524814.209466,0,0,0,,42.205771999999996,-71.050731,7.6,330708.01583148475,4674659.028729293,19,T
1646524815.2064085,0,0,0,,42.205816000000006,-71.050674,7.5,330712.83902036084,4674663.801290566,19,T
1646524816.2065384,0,0,0,,42.205856000000004,-71.050613,7.4,330717.9817405951,4674668.121752265,19,T
1646524817.1993155,0,0,0,,42.205899,-71.050552,7.3,330723.13246712275,4674672.775337265,19,T
1646524818.2118626,0,0,0,,42.205946000000004,-71.050493,7.2,330728.1287594717,4674677.8770567905,19,T
1646524819.20196,0,0,0,,42.205994000000004,-71.050433,7.1,330733.2102706216,4674683.087833988,19,T
1646524820.203023,0,0,0,,42.206044,-71.050373,7.1,330738.29711563897,4674688.520694474,19,T
1646524821.2057822,0,0,0,,42.206095,-71.050312,7.2,330743.4691785929,4674694.062612865,19,T
1646524822.201867,0,0,0,,42.206146,-71.050253,7.4,330748.47612351086,4674699.608505725,19,T
1646524823.2031024,0,0,0,,42.206197,-71.050194,7.5,330753.4830606973,4674705.154401962,19,T
1646524824.2025282,0,0,0,,42.206246,-71.050135,7.4,330758.48464948183,4674710.478221771,19,T
1646524825.2020195,0,0,0,,42.206298,-71.050077,7.5,330763.41168680275,4674716.137149925,19,T
1646524826.2067342,0,0,0,,42.20635,-71.050023,7.6,330768.00849736936,4674721.804022179,19,T
1646524827.2003808,0,0,0,,42.206403,-71.049967,7.5,330772.7730802356,4674727.577966858,19,T
1646524828.204541,0,0,0,,42.206455999999996,-71.04991100000001,7.5,330777.53765549196,4674733.351914582,19,T
1646524829.204804,0,0,0,,42.206509,-71.049855,7.6,330782.3022231405,4674739.125865351,19,T
1646524830.2314463,0,0,0,,42.206562000000005,-71.049798,7.8,330787.1493376533,4674744.897834177,19,T
1646524831.2270787,0,0,0,,42.20661199999999,-71.049741,7.9,330791.98843488615,4674750.336686435,19,T
1646524832.2045794,0,0,0,,42.206661000000004,-71.049685,7.9,330796.74230068177,4674755.666486827,19,T
1646524833.2038574,0,0,0,,42.206706999999994,-71.049628,7.9,330801.5707046088,4674760.661185706,19,T
1646524834.2029107,0,0,0,,42.206753,-71.049574,8.0,330806.15143911366,4674765.661842065,19,T
1646524835.2021918,0,0,0,,42.206796999999995,-71.049523,7.9,330810.47916560475,4674770.446375615,19,T
1646524836.2063181,0,0,0,,42.206836,-71.049474,7.7,330814.62843057135,4674774.679681509,19,T
1646524837.2024283,0,0,0,,42.206874,-71.049433,7.5,330818.1145886402,4674778.817826922,19,T
1646524838.2022753,0,0,0,,42.206908999999996,-71.049397,7.4,330821.17996439186,4674782.632777261,19,T
1646524839.2029562,0,0,0,,42.206941,-71.049365,7.4,330823.90711290366,4674786.122547429,19,T
1646524840.2022,0,0,0,,42.206969,-71.049332,7.6,330826.70613540884,4674789.16617441,19,T
1646524841.1985683,0,0,0,,42.206990999999995,-71.049301,7.8,330829.3240319943,4674791.547532013,19,T
1646524842.2000756,0,0,0,,42.207012999999996,-71.049276,8.4,330831.44660350867,4674793.940797473,19,T
1646524843.1998005,0,0,0,,42.207031,-71.049254,8.7,330833.3108351187,4674795.8958573,19,T
1646524844.2054904,0,0,0,,42.207047,-71.049238,9.0,330834.6744042636,4674797.640744482,19,T
1646524845.2018414,0,0,0,,42.207061,-71.04922400000001,9.7,330835.86752672715,4674799.16752097,19,T
1646524846.2061484,0,0,0,,42.207071,-71.049215,10.5,330836.63720294216,4674800.260060153,19,T
1646524847.2080693,0,0,0,,42.207077,-71.04921,11.0,330837.06598703936,4674800.91637747,19,T
1646524848.2083533,0,0,0,,42.207079,-71.049209,11.6,330837.1538791873,4674801.136472866,19,T
1646524849.2066863,0,0,0,,42.207079,-71.049208,11.6,330837.23643298855,4674801.13448844,19,T
1646524850.2050674,0,0,0,,42.207079,-71.049208,11.6,330837.23643298855,4674801.13448844,19,T
1646524851.2094069,0,0,0,,42.207079,-71.049208,11.7,330837.23643298855,4674801.13448844,19,T
1646524852.2103424,0,0,0,,42.207079,-71.049208,11.7,330837.23643298855,4674801.13448844,19,T
1646524853.2103207,0,0,0,,42.207079,-71.049208,11.7,330837.23643298855,4674801.13448844,19,T
1646524854.2154539,0,0,0,,42.20708,-71.049208,11.7,330837.2391021615,4674801.245528351,19,T
1646524855.2151277,0,0,0,,42.20708,-71.049208,11.7,330837.2391021615,4674801.245528351,19,T
1646524856.2141702,0,0,0,,42.20708,-71.049208,11.7,330837.2391021615,4674801.245528351,19,T
1646524857.2102578,0,0,0,,42.20708,-71.049208,11.8,330837.2391021615,4674801.245528351,19,T
1646524858.211256,0,0,0,,42.20708,-71.049208,11.8,330837.2391021615,4674801.245528351,19,T
1646524859.20893,0,0,0,,42.20708,-71.049208,11.8,330837.2391021615,4674801.245528351,19,T
1646524860.2057905,0,0,0,,42.20708,-71.049208,11.8,330837.2391021615,4674801.245528351,19,T
1646524861.2083523,0,0,0,,42.20708,-71.049208,11.8,330837.2391021615,4674801.245528351,19,T
1646524862.2069705,0,0,0,,42.20708,-71.049208,11.8,330837.2391021615,4674801.245528351,19,T
1646524863.212262,0,0,0,,42.20708,-71.049208,11.8,330837.2391021615,4674801.245528351,19,T
1646524864.2140508,0,0,0,,42.20708,-71.049208,11.9,330837.2391021615,4674801.245528351,19,T
1646524865.2116516,0,0,0,,42.20708,-71.049208,11.9,330837.2391021615,4674801.245528351,19,T
1646524866.2147238,0,0,0,,42.20708,-71.049208,11.9,330837.2391021615,4674801.245528351,19,T
1646524867.21446,0,0,0,,42.20708,-71.049208,11.9,330837.2391021615,4674801.245528351,19,T
1646524868.214313,0,0,0,,42.20708,-71.049208,11.9,330837.2391021615,4674801.245528351,19,T
1646524869.210774,0,0,0,,42.20708,-71.049208,12.0,330837.2391021615,4674801.245528351,19,T
1646524870.2143629,0,0,0,,42.20708,-71.049208,12.0,330837.2391021615,4674801.245528351,19,T
1646524871.2141316,0,0,0,,42.20708,-71.049208,12.0,330837.2391021615,4674801.245528351,19,T
1646524872.2123613,0,0,0,,42.20708,-71.049208,12.0,330837.2391021615,4674801.245528351,19,T
1646524873.2121224,0,0,0,,42.20708,-71.049208,12.0,330837.2391021615,4674801.245528351,19,T
1646524874.210327,0,0,0,,42.20708,-71.049208,12.1,330837.2391021615,4674801.245528351,19,T
1646524875.2079403,0,0,0,,42.20708,-71.049208,12.1,330837.2391021615,4674801.245528351,19,T
1646524876.2069733,0,0,0,,42.20708,-71.049208,12.1,330837.2391021615,4674801.245528351,19,T
1646524877.2063668,0,0,0,,42.20708,-71.049207,12.1,330837.32165595714,4674801.243543926,19,T
1646524878.2114854,0,0,0,,42.20708,-71.049207,12.1,330837.32165595714,4674801.243543926,19,T
1646524879.2089558,0,0,0,,42.20708,-71.049207,12.2,330837.32165595714,4674801.243543926,19,T
1646524880.211039,0,0,0,,42.20708,-71.049207,12.2,330837.32165595714,4674801.243543926,19,T
1646524881.2105334,0,0,0,,42.20708,-71.049207,12.2,330837.32165595714,4674801.243543926,19,T
1646524882.2132125,0,0,0,,42.20708,-71.049207,12.3,330837.32165595714,4674801.243543926,19,T
1646524883.2108347,0,0,0,,42.20708,-71.049207,12.3,330837.32165595714,4674801.243543926,19,T
1646524884.210956,0,0,0,,42.20708,-71.049207,12.3,330837.32165595714,4674801.243543926,19,T
1646524885.2266672,0,0,0,,42.20708,-71.049207,12.3,330837.32165595714,4674801.243543926,19,T
1646524886.2099223,0,0,0,,42.20708,-71.049206,12.4,330837.40420975705,4674801.241559503,19,T
1646524887.2115436,0,0,0,,42.20708,-71.049206,12.4,330837.40420975705,4674801.241559503,19,T
1646524888.2109058,0,0,0,,42.20708,-71.049206,12.4,330837.40420975705,4674801.241559503,19,T
1646524889.2130942,0,0,0,,42.20708,-71.049205,12.5,330837.48676355276,4674801.239575081,19,T
1646524890.213753,0,0,0,,42.207079,-71.049205,12.5,330837.48409438366,4674801.12853517,19,T
1646524891.213442,0,0,0,,42.207080999999995,-71.049204,13.2,330837.5719865183,4674801.348630569,19,T
1646524892.212853,0,0,0,,42.207086,-71.0492,14.0,330837.9155475155,4674801.895892448,19,T
1646524893.2109728,0,0,0,,42.207094,-71.04919100000001,14.4,330838.67988483305,4674802.766352018,19,T
1646524894.211047,0,0,0,,42.207105,-71.049177,14.3,330839.86499820964,4674803.960009413,19,T
1646524895.211204,0,0,0,,42.207117,-71.049156,14.5,330841.63065654924,4674805.250816261,19,T
1646524896.2104638,0,0,0,,42.207135,-71.04913400000001,14.7,330843.49488244334,4674807.205878651,19,T
1646524897.2105594,0,0,0,,42.207154,-71.049111,14.8,330845.4443300736,4674809.269997088,19,T
1646524898.205379,0,0,0,,42.207174,-71.049087,14.9,330847.47899927414,4674811.443171641,19,T
1646524899.210308,0,0,0,,42.207196,-71.04906299999999,15.1,330849.5190052205,4674813.838426575,19,T
1646524900.2078407,0,0,0,,42.207222,-71.049043,15.0,330851.23947120656,4674816.685778772,19,T
1646524901.2109041,0,0,0,,42.207254999999996,-71.049035,15.4,330851.9879756335,4674820.33422178,19,T
1646524902.2091832,0,0,0,,42.207286,-71.049037,15.4,330851.90560625173,4674823.780427596,19,T
1646524903.2103417,0,0,0,,42.207308000000005,-71.04904499999999,15.5,330851.3038954057,4674826.239179804,19,T
1646524904.2052045,0,0,0,,42.20732,-71.049051,15.7,330850.84060217184,4674827.583564395,19,T
1646524905.2066944,0,0,0,,42.207322999999995,-71.049061,14.8,330850.0230743163,4674827.936526927,19,T
1646524906.2075932,0,0,0,,42.207326,-71.04907,14.0,330849.2881000134,4674828.287505265,19,T
1646524907.208995,0,0,0,,42.207331999999994,-71.04908,13.2,330848.4785793675,4674828.973587725,19,T
1646524908.221344,0,0,0,,42.207343,-71.049091,13.1,330847.59985058603,4674830.216854171,19,T
1646524909.2233665,0,0,0,,42.207353999999995,-71.049105,13.1,330846.4734618099,4674831.466073711,19,T
1646524910.2077,0,0,0,,42.207366,-71.049124,13.1,330844.9369753879,4674832.836255078,19,T
1646524911.2042806,0,0,0,,42.20738,-71.049144,12.9,330843.32327437133,4674834.430500994,19,T
1646524912.207517,0,0,0,,42.207391,-71.049169,12.4,330841.2887997351,4674835.701549492,19,T
1646524913.2067294,0,0,0,,42.207405,-71.04919799999999,12.2,330838.9321198417,4674837.313656012,19,T
1646524914.2088556,0,0,0,,42.20742,-71.049229,11.8,330836.41300351894,4674839.040772165,19,T
1646524915.2148101,0,0,0,,42.207435,-71.049261,11.5,330833.8113350803,4674840.769873739,19,T
1646524916.209456,0,0,0,,42.207449,-71.049296,11.2,330830.95933864766,4674842.393889931,19,T
1646524917.2057104,0,0,0,,42.207463,-71.04933299999999,10.8,330827.9422368964,4674844.021876417,19,T
1646524918.2055576,0,0,0,,42.207477,-71.049372,10.9,330824.7600299392,4674845.6538334135,19,T
1646524919.2071295,0,0,0,,42.207494,-71.049414,11.3,330821.33817301004,4674847.624865527,19,T
1646524920.222442,0,0,0,,42.207509,-71.049457,11.6,330817.8284256699,4674849.375804197,19,T
1646524921.2096794,0,0,0,,42.207523,-71.049501,12.0,330814.2334572177,4674851.017689461,19,T
1646524922.211087,0,0,0,,42.207528,-71.049544,12.8,330810.6970168655,4674851.658232573,19,T
1646524923.2057855,0,0,0,,42.20753,-71.049585,13.4,330807.3176744204,4674851.96168813,19,T
1646524924.208009,0,0,0,,42.207533000000005,-71.049626,13.8,330803.941001918,4674852.376185239,19,T
1646524925.2026196,0,0,0,,42.207549,-71.049672,14.0,330800.1862711309,4674854.244127339,19,T
1646524926.2083318,0,0,0,,42.207545,-71.049716,15.3,330796.5432513996,4674853.887303215,19,T
1646524927.2057068,0,0,0,,42.207545,-71.04975900000001,16.1,330792.9934640633,4674853.972655693,19,T
1646524928.2067494,0,0,0,,42.207553,-71.049806,16.1,330789.1348237548,4674854.954269368,19,T
1646524929.2078085,0,0,0,,42.207559,-71.049855,16.5,330785.1057379924,4674855.717775455,19,T
1646524930.206837,0,0,0,,42.20756,-71.04990600000001,17.4,330780.8981961041,4674855.930054461,19,T
1646524931.2131524,0,0,0,,42.207558,-71.049961,18.8,330776.3524311031,4674855.817156842,19,T
1646524932.2107625,0,0,0,,42.207556999999994,-71.050017,19.7,330771.7267828692,4674855.81728729,19,T
1646524933.2100775,0,0,0,,42.207573000000004,-71.05006999999999,18.8,330767.39418949315,4674857.699143705,19,T
1646524934.2063668,0,0,0,,42.207582,-71.050124,19.8,330762.96035243245,4674858.805708695,19,T
1646524935.2072687,0,0,0,,42.20759,-71.05017600000001,20.5,330758.68895243976,4674859.797265858,19,T
1646524936.2074168,0,0,0,,42.207601000000004,-71.050225,21.4,330754.67322448187,4674861.115989181,19,T
1646524937.2064304,0,0,0,,42.207616,-71.050276,22.0,330750.50307407667,4674862.882845474,19,T
1646524938.208013,0,0,0,,42.207632000000004,-71.050331,21.8,330746.0053839901,4674864.768686294,19,T
1646524939.210171,0,0,0,,42.207646999999994,-71.050392,20.6,330741.00970707496,4674866.555403574,19,T
1646524940.2074459,0,0,0,,42.20764199999999,-71.050449,22.0,330736.29082830495,4674866.113383362,19,T
1646524941.207612,0,0,0,,42.207655,-71.050509,21.0,330731.3723657139,4674867.676042091,19,T
1646524942.2056293,0,0,0,,42.20767300000001,-71.05056499999999,19.8,330726.79747216776,4674869.785960987,19,T
1646524943.207747,0,0,0,,42.207691000000004,-71.050625,18.7,330721.8923692155,4674871.903826145,19,T
1646524944.202948,0,0,0,,42.207708000000004,-71.050679,18.0,330717.47991586354,4674873.898739733,19,T
1646524945.2015646,0,0,0,,42.207722000000004,-71.050724,17.6,330713.8024280358,4674875.54266324,19,T
1646524946.1999257,0,0,0,,42.207755999999996,-71.050752,19.1,330711.58176641446,4674879.37362649,19,T
1646524947.2059135,0,0,0,,42.207758000000005,-71.050794,18.3,330708.11988615524,4674879.679116113,19,T
1646524948.2041109,0,0,0,,42.20776,-71.050833,17.6,330704.9056648668,4674879.978649425,19,T
1646524949.1982973,0,0,0,,42.207758999999996,-71.05087,16.6,330701.8485354785,4674879.941092329,19,T
1646524950.1982713,0,0,0,,42.207752,-71.050905,15.8,330698.94048330875,4674879.23332481,19,T
1646524951.1997323,0,0,0,,42.207743,-71.050943,15.2,330695.77942874073,4674878.309436933,19,T
1646524952.2047985,0,0,0,,42.207736999999995,-71.050983,14.8,330692.4612819331,4674877.722642553,19,T
1646524953.2094545,0,0,0,,42.20773199999999,-71.05102,15.3,330689.39346493944,4674877.240931096,19,T
1646524954.2076828,0,0,0,,42.207727999999996,-71.051058,15.4,330686.2457661105,4674876.8722471185,19,T
1646524955.2096295,0,0,0,,42.207733,-71.051097,16.2,330683.03955893416,4674877.504910212,19,T
1646524956.2137043,0,0,0,,42.20773199999999,-71.051136,16.9,330679.81732194003,4674877.471335171,19,T
1646524957.2127116,0,0,0,,42.207726,-71.05116600000001,18.5,330677.324702664,4674876.864684945,19,T
1646524958.2125466,0,0,0,,42.207727000000006,-71.051191,19.7,330675.2635503234,4674877.025383366,19,T
1646524959.2126663,0,0,0,,42.207731,-71.05121600000001,20.8,330673.21041352313,4674877.519202199,19,T
1646524960.21043,0,0,0,,42.207736999999995,-71.051245,21.5,330670.83240889036,4674878.243047117,19,T
1646524961.2138608,0,0,0,,42.207754,-71.051276,22.5,330668.3186897621,4674880.192305021,19,T
1646524962.209819,0,0,0,,42.20776300000001,-71.051312,24.1,330665.3708318702,4674881.263176708,19,T
1646524963.2100356,0,0,0,,42.207775,-71.051352,25.5,330662.1007792078,4674882.67511549,19,T
1646524964.21001,0,0,0,,42.207786999999996,-71.051397,26.6,330658.41796336294,4674884.096988581,19,T
1646524965.209617,0,0,0,,42.207803999999996,-71.05144100000001,27.2,330654.83106240194,4674886.072076739,19,T
1646524966.20726,0,0,0,,42.207812000000004,-71.051485,28.0,330651.2201137793,4674887.047807341,19,T
1646524967.205005,0,0,0,,42.207815000000004,-71.051529,29.1,330647.5958048834,4674887.468340129,19,T
1646524968.2123213,0,0,0,,42.207821,-71.051574,29.8,330643.89696036093,4674888.223981338,19,T
1646524969.2082565,0,0,0,,42.207831,-71.051629,30.2,330639.38327764615,4674889.443651992,19,T
1646524970.2077239,0,0,0,,42.207831,-71.051696,31.3,330633.8522379846,4674889.576768214,19,T
1646524971.2084785,0,0,0,,42.207831999999996,-71.051771,32.1,330627.6634482027,4674889.836824013,19,T
1646524972.20811,0,0,0,,42.20783900000001,-71.051851,32.7,330621.07793039153,4674890.773059865,19,T
1646524973.205247,0,0,0,,42.207848999999996,-71.051925,32.7,330614.9957491496,4674892.030499355,19,T
1646524974.2049885,0,0,0,,42.207862999999996,-71.051983,32.4,330610.24510587705,4674893.70030989,19,T
1646524975.2046118,0,0,0,,42.207866,-71.052031,32.7,330606.29059060186,4674894.128812606,19,T
1646524976.2104838,0,0,0,,42.207873,-71.052074,32.4,330602.7595314079,4674894.991541278,19,T
1646524977.2089465,0,0,0,,42.207879999999996,-71.05211800000001,32.3,330599.1459202245,4674895.856258999,19,T
1646524978.2087069,0,0,0,,42.207885,-71.052155,34.4,330596.10483304295,4674896.484987677,19,T
1646524979.2073574,0,0,0,,42.207893999999996,-71.052187,35.7,330593.48720252124,4674897.547940862,19,T
1646524980.2081757,0,0,0,,42.207901,-71.052211,37.2,330591.52464840375,4674898.372916395,19,T
1646524981.2086024,0,0,0,,42.207911,-71.052223,38.7,330590.56074696407,4674899.507164015,19,T
1646524982.2127926,0,0,0,,42.207921,-71.052224,40.4,330590.5049257186,4674900.619550825,19,T
1646524983.2129428,0,0,0,,42.207921,-71.052224,40.4,330590.5049257186,4674900.619550825,19,T
1646524984.2059011,0,0,0,,42.207921999999996,-71.052224,40.4,330590.5075988675,4674900.73059077,19,T
1646524985.212919,0,0,0,,42.207921999999996,-71.052224,40.4,330590.5075988675,4674900.73059077,19,T
1646524986.211276,0,0,0,,42.207923,-71.052224,40.4,330590.5102720165,4674900.841630716,19,T
1646524987.213052,0,0,0,,42.207923,-71.052224,40.4,330590.5102720165,4674900.841630716,19,T
1646524988.2109864,0,0,0,,42.207923,-71.052224,40.4,330590.5102720165,4674900.841630716,19,T
1646524989.2110124,0,0,0,,42.207924000000006,-71.052224,40.4,330590.5129451655,4674900.952670663,19,T
1646524990.211515,0,0,0,,42.207924000000006,-71.052224,40.4,330590.5129451655,4674900.952670663,19,T
1646524991.2161536,0,0,0,,42.207924999999996,-71.052224,40.5,330590.51561831456,4674901.063710607,19,T
1646524992.21713,0,0,0,,42.207924999999996,-71.052224,40.5,330590.51561831456,4674901.063710607,19,T
1646524993.219543,0,0,0,,42.207926,-71.052224,40.5,330590.5182914637,4674901.174750553,19,T
1646524994.2166715,0,0,0,,42.207926,-71.052224,40.5,330590.5182914637,4674901.174750553,19,T
1646524995.2158413,0,0,0,,42.207927,-71.052224,40.5,330590.52096461284,4674901.285790498,19,T
1646524996.2165284,0,0,0,,42.207927,-71.052224,40.5,330590.52096461284,4674901.285790498,19,T
1646524997.2190828,0,0,0,,42.207927,-71.052224,40.4,330590.52096461284,4674901.285790498,19,T
1646524998.2164776,0,0,0,,42.207927,-71.052224,40.4,330590.52096461284,4674901.285790498,19,T
1646524999.2172668,0,0,0,,42.207928,-71.052224,40.4,330590.5236377621,4674901.396830444,19,T
1646525000.2173393,0,0,0,,42.207928,-71.052224,40.4,330590.5236377621,4674901.396830444,19,T
1646525001.2176402,0,0,0,,42.207928,-71.052224,40.3,330590.5236377621,4674901.396830444,19,T
1646525002.217294,0,0,0,,42.207928,-71.052224,40.3,330590.5236377621,4674901.396830444,19,T
1646525003.2131288,0,0,0,,42.207928,-71.052224,40.3,330590.5236377621,4674901.396830444,19,T
1646525004.2186153,0,0,0,,42.207928,-71.05222499999999,40.3,330590.4410850567,4674901.398817799,19,T
1646525005.2180097,0,0,0,,42.20792900000001,-71.05222499999999,40.2,330590.4437582073,4674901.509857746,19,T
1646525006.2167964,0,0,0,,42.20792900000001,-71.05222499999999,40.2,330590.4437582073,4674901.509857746,19,T
1646525007.2179751,0,0,0,,42.20792900000001,-71.05222499999999,40.2,330590.4437582073,4674901.509857746,19,T
1646525008.2188833,0,0,0,,42.20792900000001,-71.05222499999999,40.1,330590.4437582073,4674901.509857746,19,T
1646525009.217201,0,0,0,,42.20792900000001,-71.05222499999999,40.1,330590.4437582073,4674901.509857746,19,T
1646525010.2222154,0,0,0,,42.20792900000001,-71.052226,40.1,330590.36120549904,4674901.511845102,19,T
1646525011.2354867,0,0,0,,42.20792900000001,-71.052226,40.0,330590.36120549904,4674901.511845102,19,T
1646525012.2181313,0,0,0,,42.20792900000001,-71.052226,40.0,330590.36120549904,4674901.511845102,19,T
1646525013.2181706,0,0,0,,42.20793,-71.052226,40.0,330590.36387865094,4674901.6228850465,19,T
1646525014.2236543,0,0,0,,42.20793,-71.052226,39.9,330590.36387865094,4674901.6228850465,19,T
1646525015.2144406,0,0,0,,42.20793,-71.052226,39.9,330590.36387865094,4674901.6228850465,19,T
1646525016.21858,0,0,0,,42.20793,-71.052226,39.9,330590.36387865094,4674901.6228850465,19,T
1646525017.215172,0,0,0,,42.20793,-71.052227,39.8,330590.2813259481,4674901.624872403,19,T
1646525018.217871,0,0,0,,42.20793,-71.052227,39.8,330590.2813259481,4674901.624872403,19,T
1646525019.2095942,0,0,0,,42.20793,-71.052227,39.7,330590.2813259481,4674901.624872403,19,T
1646525020.2158616,0,0,0,,42.20793,-71.052227,39.7,330590.2813259481,4674901.624872403,19,T
1646525021.2106516,0,0,0,,42.20793,-71.052227,39.6,330590.2813259481,4674901.624872403,19,T
1646525022.2202582,0,0,0,,42.20793,-71.052227,39.6,330590.2813259481,4674901.624872403,19,T
1646525023.2155404,0,0,0,,42.207931,-71.052227,39.6,330590.2839991014,4674901.735912349,19,T
1646525024.214616,0,0,0,,42.207931,-71.052228,39.6,330590.2014463978,4674901.737899708,19,T
1646525025.2173064,0,0,0,,42.207931,-71.052228,39.6,330590.2014463978,4674901.737899708,19,T
1646525026.2203176,0,0,0,,42.207931,-71.052228,39.5,330590.2014463978,4674901.737899708,19,T
1646525027.2199647,0,0,0,,42.207932,-71.052228,39.5,330590.2041195524,4674901.848939653,19,T
1646525028.2275074,0,0,0,,42.207932,-71.052228,39.5,330590.2041195524,4674901.848939653,19,T
1646525029.221092,0,0,0,,42.207932,-71.052228,39.5,330590.2041195524,4674901.848939653,19,T
1646525030.223743,0,0,0,,42.207932,-71.052229,39.5,330590.1215668501,4674901.850927011,19,T
1646525031.2208078,0,0,0,,42.207933000000004,-71.052229,39.5,330590.1242400062,4674901.961966958,19,T
1646525032.225261,0,0,0,,42.207933000000004,-71.052229,39.5,330590.1242400062,4674901.961966958,19,T
1646525033.22114,0,0,0,,42.207933000000004,-71.052229,39.5,330590.1242400062,4674901.961966958,19,T
1646525034.220594,0,0,0,,42.207933000000004,-71.052229,39.5,330590.1242400062,4674901.961966958,19,T
1646525035.2203922,0,0,0,,42.207933000000004,-71.052229,39.5,330590.1242400062,4674901.961966958,19,T
1646525036.2253547,0,0,0,,42.207933999999995,-71.05223,39.5,330590.04436046456,4674902.074994262,19,T
1646525037.2221675,0,0,0,,42.207933999999995,-71.05223,39.5,330590.04436046456,4674902.074994262,19,T
1646525038.220817,0,0,0,,42.207933999999995,-71.05223,39.4,330590.04436046456,4674902.074994262,19,T
1646525039.2211795,0,0,0,,42.207933999999995,-71.05223,39.4,330590.04436046456,4674902.074994262,19,T
1646525040.2411718,0,0,0,,42.207933999999995,-71.052231,39.4,330589.96180776274,4674902.076981623,19,T
1646525041.237911,0,0,0,,42.207933999999995,-71.052231,39.4,330589.96180776274,4674902.076981623,19,T
1646525042.226541,0,0,0,,42.207933999999995,-71.052231,39.4,330589.96180776274,4674902.076981623,19,T
1646525043.22095,0,0,0,,42.207935,-71.052231,39.4,330589.9644809215,4674902.188021569,19,T
1646525044.224778,0,0,0,,42.207935,-71.052231,39.4,330589.9644809215,4674902.188021569,19,T
1646525045.2188537,0,0,0,,42.207935,-71.052231,39.4,330589.9644809215,4674902.188021569,19,T
1646525046.2242281,0,0,0,,42.207935,-71.052232,39.4,330589.88192822516,4674902.19000893,19,T
1646525047.218572,0,0,0,,42.207935,-71.052232,39.4,330589.88192822516,4674902.19000893,19,T
1646525048.2245593,0,0,0,,42.207936,-71.052232,39.4,330589.8846013852,4674902.301048876,19,T
1646525049.2183862,0,0,0,,42.207936,-71.052232,39.4,330589.8846013852,4674902.301048876,19,T
1646525050.2234528,0,0,0,,42.207936,-71.052232,39.4,330589.8846013852,4674902.301048876,19,T
1646525051.2182922,0,0,0,,42.207936,-71.052233,39.4,330589.8020486861,4674902.303036239,19,T
1646525052.2245228,0,0,0,,42.207936,-71.052233,39.4,330589.8020486861,4674902.303036239,19,T
1646525053.2188928,0,0,0,,42.207936,-71.052233,39.4,330589.8020486861,4674902.303036239,19,T
1646525054.2241445,0,0,0,,42.207937,-71.052233,39.4,330589.80472184747,4674902.414076186,19,T
1646525055.2192721,0,0,0,,42.207937,-71.052233,39.4,330589.80472184747,4674902.414076186,19,T
1646525056.2212172,0,0,0,,42.207937,-71.052233,39.4,330589.80472184747,4674902.414076186,19,T
1646525057.2212029,0,0,0,,42.207937,-71.052234,39.3,330589.72216915374,4674902.416063549,19,T
1646525058.2214527,0,0,0,,42.207951,-71.052234,38.8,330589.7595934375,4674903.970622796,19,T
1646525059.2200794,0,0,0,,42.207959,-71.05224199999999,37.6,330589.120557414,4674904.874841308,19,T
1646525060.2186868,0,0,0,,42.207959,-71.052262,35.9,330587.4695040737,4674904.91458894,19,T
1646525061.218087,0,0,0,,42.207963,-71.05228699999999,34.8,330585.41638033313,4674905.408433813,19,T
1646525062.2183945,0,0,0,,42.207965,-71.052313,33.7,330583.27535765735,4674905.682186839,19,T
1646525063.2175922,0,0,0,,42.207961999999995,-71.052339,32.8,330581.1209686062,4674905.4007407855,19,T
1646525064.2205493,0,0,0,,42.207952999999996,-71.052361,32.6,330579.2807500439,4674904.445105746,19,T
1646525065.2153988,0,0,0,,42.207935,-71.052375,32.5,330578.07689234585,4674902.474211615,19,T
1646525066.2179985,0,0,0,,42.207901,-71.052373,31.6,330578.1511040798,4674898.694878431,19,T
1646525067.2188876,0,0,0,,42.207864,-71.052359,30.8,330579.2079295357,4674894.558575548,19,T
1646525068.2229798,0,0,0,,42.207817999999996,-71.052338,30.2,330580.818566657,4674889.40900111,19,T
1646525069.2230697,0,0,0,,42.207758999999996,-71.05230999999999,29.9,330582.9723244938,4674882.801995802,19,T
1646525070.222351,0,0,0,,42.207693,-71.052275,29.1,330585.68524542195,4674875.403799903,19,T
1646525071.2195067,0,0,0,,42.207616,-71.052233,28.5,330588.9466396913,4674866.7702544,19,T
1646525072.220095,0,0,0,,42.207523,-71.05219699999999,27.7,330591.66995391797,4674856.371995665,19,T
1646525073.2139053,0,0,0,,42.207434000000006,-71.05215600000001,27.8,330594.8167362325,4674846.407961689,19,T
1646525074.220674,0,0,0,,42.20733,-71.052121,26.5,330597.42811290105,4674834.790253985,19,T
1646525075.2206104,0,0,0,,42.207227,-71.052081,25.1,330600.45494064863,4674823.27365157,19,T
1646525076.2261603,0,0,0,,42.207128000000004,-71.052038,23.8,330603.7401324089,4674812.195249156,19,T
1646525077.2200248,0,0,0,,42.207035999999995,-71.051992,22.1,330607.2917070022,4674801.888166884,19,T
1646525078.2214646,0,0,0,,42.206944,-71.051953,21.4,330610.2654151419,4674791.594996438,19,T
1646525079.2178602,0,0,0,,42.206853,-71.051916,20.9,330613.07669753884,4674781.41684168,19,T
1646525080.2180982,0,0,0,,42.206767,-71.051877,19.9,330616.0664607768,4674771.789914031,19,T
1646525081.222304,0,0,0,,42.206683999999996,-71.05183699999999,18.8,330619.146805206,4674762.494120822,19,T
1646525082.221959,0,0,0,,42.206601,-71.051801,18.6,330621.89694089955,4674753.206277059,19,T
1646525083.219046,0,0,0,,42.206521,-71.05176499999999,18.8,330624.6551021683,4674744.251554468,19,T
1646525084.2246492,0,0,0,,42.206441999999996,-71.051734,19.3,330627.0031704888,4674735.417807529,19,T
1646525085.2231534,0,0,0,,42.206364,-71.051705,19.7,330629.18880841683,4674726.6990752565,19,T
1646525086.2300766,0,0,0,,42.206292000000005,-71.051673,19.7,330631.6381511643,4674718.640622988,19,T
1646525087.2237046,0,0,0,,42.206237,-71.051642,17.7,330634.0503743912,4674712.47183713,19,T
1646525088.2253382,0,0,0,,42.206187,-71.05161600000001,17.8,330636.06318864453,4674706.868185591,19,T
1646525089.2441735,0,0,0,,42.206152,-71.051597,17.4,330637.5382047293,4674702.944040551,19,T
1646525090.2279162,0,0,0,,42.206129000000004,-71.051586,17.3,330638.38484877447,4674700.368268578,19,T
1646525091.2281418,0,0,0,,42.206124,-71.051582,16.0,330638.70170787757,4674699.805122138,19,T
1646525092.2299318,0,0,0,,42.206123,-71.051582,16.0,330638.69903565897,4674699.694082225,19,T
1646525093.2296395,0,0,0,,42.206123,-71.051582,16.0,330638.69903565897,4674699.694082225,19,T
1646525094.2290676,0,0,0,,42.206123,-71.051582,16.1,330638.69903565897,4674699.694082225,19,T
1646525095.2304163,0,0,0,,42.206123,-71.051582,16.1,330638.69903565897,4674699.694082225,19,T
1646525096.2296443,0,0,0,,42.206123,-71.051581,16.1,330638.78159071866,4674699.692095506,19,T
1646525097.2254407,0,0,0,,42.206123,-71.051581,16.1,330638.78159071866,4674699.692095506,19,T
1646525098.229377,0,0,0,,42.206123,-71.051581,16.1,330638.78159071866,4674699.692095506,19,T
1646525099.233647,0,0,0,,42.206124,-71.051581,16.1,330638.78426293604,4674699.803135418,19,T
1646525100.2312343,0,0,0,,42.206124,-71.051581,16.1,330638.78426293604,4674699.803135418,19,T
1646525101.2304077,0,0,0,,42.206124,-71.051581,16.1,330638.78426293604,4674699.803135418,19,T
1646525102.2310169,0,0,0,,42.206124,-71.051581,16.2,330638.78426293604,4674699.803135418,19,T
1646525103.2303863,0,0,0,,42.206124,-71.051581,16.2,330638.78426293604,4674699.803135418,19,T
1646525104.230037,0,0,0,,42.206124,-71.051581,16.2,330638.78426293604,4674699.803135418,19,T
1646525105.2300453,0,0,0,,42.206124,-71.051581,16.2,330638.78426293604,4674699.803135418,19,T
1646525106.2303157,0,0,0,,42.206124,-71.05158,16.2,330638.8668179902,4674699.8011487005,19,T
1646525107.2314422,0,0,0,,42.206124,-71.05158,16.2,330638.8668179902,4674699.8011487005,19,T
1646525108.2287707,0,0,0,,42.206124,-71.05158,16.2,330638.8668179902,4674699.8011487005,19,T
1646525109.2244217,0,0,0,,42.206124,-71.05158,16.2,330638.8668179902,4674699.8011487005,19,T
1646525110.2284625,0,0,0,,42.206124,-71.05158,16.2,330638.8668179902,4674699.8011487005,19,T
1646525111.2315764,0,0,0,,42.206124,-71.05158,16.2,330638.8668179902,4674699.8011487005,19,T
1646525112.2333496,0,0,0,,42.206124,-71.05158,16.2,330638.8668179902,4674699.8011487005,19,T
1646525113.2316997,0,0,0,,42.206124,-71.05158,16.2,330638.8668179902,4674699.8011487005,19,T
1646525114.225844,0,0,0,,42.206124,-71.05158,16.2,330638.8668179902,4674699.8011487005,19,T
1646525115.2331412,0,0,0,,42.206124,-71.05158,16.2,330638.8668179902,4674699.8011487005,19,T
1646525116.2316794,0,0,0,,42.206125,-71.05158,16.2,330638.86949020636,4674699.912188611,19,T
1646525117.2316494,0,0,0,,42.206125,-71.05158,16.2,330638.86949020636,4674699.912188611,19,T
1646525118.2319815,0,0,0,,42.206125,-71.05158,16.2,330638.86949020636,4674699.912188611,19,T
1646525119.2408853,0,0,0,,42.206125,-71.051579,16.2,330638.9520452614,4674699.910201893,19,T
1646525120.2299576,0,0,0,,42.206125,-71.051579,16.2,330638.9520452614,4674699.910201893,19,T
1646525121.2298076,0,0,0,,42.206125,-71.051579,16.2,330638.9520452614,4674699.910201893,19,T
1646525122.2292073,0,0,0,,42.206125,-71.051579,16.2,330638.9520452614,4674699.910201893,19,T
1646525123.2298322,0,0,0,,42.206125,-71.051579,16.2,330638.9520452614,4674699.910201893,19,T
1646525124.2303863,0,0,0,,42.206125,-71.051579,16.2,330638.9520452614,4674699.910201893,19,T
1646525125.2301388,0,0,0,,42.206125,-71.051579,16.2,330638.9520452614,4674699.910201893,19,T
1646525126.2288852,0,0,0,,42.206128,-71.051579,15.2,330638.960061906,4674700.243321626,19,T
1646525127.2282307,0,0,0,,42.206125,-71.051576,14.5,330639.1997104264,4674699.904241748,19,T
1646525128.2272036,0,0,0,,42.206117000000006,-71.05157,14.1,330639.67366313114,4674699.004002198,19,T
1646525129.2233062,0,0,0,,42.206106,-71.05156,14.2,330640.4698196999,4674697.762696153,19,T
1646525130.2318614,0,0,0,,42.206092,-71.051553,14.0,330641.01029473933,4674696.194230547,19,T
1646525131.2301455,0,0,0,,42.20608,-71.051547,13.6,330641.47355927166,4674694.849831498,19,T
1646525132.2322388,0,0,0,,42.206067000000004,-71.05154,13.4,330642.01670696714,4674693.392405899,19,T
1646525133.2305262,0,0,0,,42.206055,-71.051534,13.3,330642.47997191345,4674692.048006933,19,T
1646525134.229241,0,0,0,,42.20604599999999,-71.051529,13.0,330642.86869833176,4674691.0387144,19,T
1646525135.2293568,0,0,0,,42.206038,-71.051525,12.8,330643.1775418398,4674690.142448464,19,T
1646525136.231898,0,0,0,,42.20603199999999,-71.051523,12.7,330643.32661935105,4674689.472235686,19,T
1646525137.2305279,0,0,0,,42.206029,-71.05152,12.7,330643.56626848003,4674689.133155978,19,T
1646525138.230445,0,0,0,,42.206029,-71.05152,12.5,330643.56626848003,4674689.133155978,19,T
1646525139.230242,0,0,0,,42.206029,-71.05152,12.5,330643.56626848003,4674689.133155978,19,T
1646525140.2310069,0,0,0,,42.206029,-71.05152,12.5,330643.56626848003,4674689.133155978,19,T
1646525141.231288,0,0,0,,42.206029,-71.05152,12.5,330643.56626848003,4674689.133155978,19,T
1646525142.232072,0,0,0,,42.206029,-71.05152,12.5,330643.56626848003,4674689.133155978,19,T
1646525143.2327724,0,0,0,,42.206029,-71.05152100000001,12.5,330643.48371330014,4674689.135142638,19,T
1646525144.2319996,0,0,0,,42.206029,-71.05152100000001,12.5,330643.48371330014,4674689.135142638,19,T
1646525145.2316523,0,0,0,,42.206029,-71.05152100000001,12.5,330643.48371330014,4674689.135142638,19,T
1646525146.2266858,0,0,0,,42.206029,-71.05152100000001,12.5,330643.48371330014,4674689.135142638,19,T
1646525147.22839,0,0,0,,42.206029,-71.05152100000001,12.5,330643.48371330014,4674689.135142638,19,T
1646525148.2360685,0,0,0,,42.206029,-71.05152100000001,12.5,330643.48371330014,4674689.135142638,19,T
1646525149.2303917,0,0,0,,42.206029,-71.05152100000001,12.5,330643.48371330014,4674689.135142638,19,T
1646525150.2268999,0,0,0,,42.206029,-71.05152100000001,12.5,330643.48371330014,4674689.135142638,19,T
1646525151.2304645,0,0,0,,42.206029,-71.05152100000001,12.5,330643.48371330014,4674689.135142638,19,T
1646525152.230832,0,0,0,,42.206029,-71.05152100000001,12.5,330643.48371330014,4674689.135142638,19,T
1646525153.2314868,0,0,0,,42.206029,-71.05152100000001,12.5,330643.48371330014,4674689.135142638,19,T
1646525154.227911,0,0,0,,42.206029,-71.05152100000001,12.5,330643.48371330014,4674689.135142638,19,T
1646525155.2324538,0,0,0,,42.206029,-71.05152100000001,12.5,330643.48371330014,4674689.135142638,19,T
1646525156.234758,0,0,0,,42.206029,-71.05152100000001,12.5,330643.48371330014,4674689.135142638,19,T
1646525157.2318664,0,0,0,,42.206029,-71.05152100000001,12.5,330643.48371330014,4674689.135142638,19,T
1646525158.2326846,0,0,0,,42.206029,-71.05152100000001,12.5,330643.48371330014,4674689.135142638,19,T
1646525159.2322776,0,0,0,,42.206029,-71.05152100000001,12.5,330643.48371330014,4674689.135142638,19,T
1646525160.2488565,0,0,0,,42.206029,-71.05152100000001,12.5,330643.48371330014,4674689.135142638,19,T
1646525161.2332873,0,0,0,,42.206029,-71.05152100000001,12.5,330643.48371330014,4674689.135142638,19,T
1646525162.238909,0,0,0,,42.206029,-71.05152100000001,12.5,330643.48371330014,4674689.135142638,19,T
1646525163.2327454,0,0,0,,42.206029,-71.05152100000001,12.5,330643.48371330014,4674689.135142638,19,T
1646525164.2351086,0,0,0,,42.206029,-71.05152100000001,12.3,330643.48371330014,4674689.135142638,19,T
1646525165.2334146,0,0,0,,42.206027000000006,-71.05152,12.2,330643.5609242142,4674688.911076162,19,T
1646525166.2345502,0,0,0,,42.206022999999995,-71.051517,12.1,330643.79790124646,4674688.460956553,19,T
1646525167.2332175,0,0,0,,42.206015,-71.051512,12.0,330644.18930020696,4674687.562704019,19,T
1646525168.2264638,0,0,0,,42.206005,-71.051502,12.0,330644.9881310987,4674686.432438475,19,T
1646525169.2329583,0,0,0,,42.205994000000004,-71.05149,11.9,330645.94940061204,4674685.187159862,19,T
1646525170.229906,0,0,0,,42.205982999999996,-71.05147600000001,11.9,330647.0757809542,4674683.937908158,19,T
1646525171.230573,0,0,0,,42.205972,-71.05145999999999,11.8,330648.3672722111,4674682.684683447,19,T
1646525172.232663,0,0,0,,42.20596,-71.051443,11.8,330649.738647169,4674681.318432497,19,T
1646525173.2276828,0,0,0,,42.205949000000004,-71.051427,11.9,330651.03013938945,4674680.0652083075,19,T
1646525174.2361724,0,0,0,,42.205937999999996,-71.05141499999999,12.2,330651.9914108818,4674678.819930586,19,T
1646525175.2267478,0,0,0,,42.205931,-71.051405,12.3,330652.79826001066,4674678.022785726,19,T
1646525176.2279658,0,0,0,,42.205923000000006,-71.051395,12.4,330653.6024373595,4674677.114601058,19,T
1646525177.230873,0,0,0,,42.205914,-71.051385,12.6,330654.4039429709,4674676.095376584,19,T
1646525178.2316399,0,0,0,,42.205905,-71.051376,12.9,330655.1228934778,4674675.078138726,19,T
1646525179.2315998,0,0,0,,42.205896,-71.051366,13.5,330655.92439955426,4674674.058914443,19,T
1646525180.2316737,0,0,0,,42.205886,-71.051356,14.0,330656.7232339574,4674672.92865035,19,T
1646525181.2313244,0,0,0,,42.205873000000004,-71.051343,14.5,330657.7617190748,4674671.4593071835,19,T
1646525182.23187,0,0,0,,42.205859000000004,-71.051327,15.3,330659.04519896803,4674669.872964863,19,T
1646525183.2328362,0,0,0,,42.205838,-71.051307,15.9,330660.6401982084,4674667.501397655,19,T
1646525184.2371092,0,0,0,,42.205813,-71.051285,16.6,330662.3896222133,4674664.681698374,19,T
1646525185.2302716,0,0,0,,42.205788000000005,-71.05126,17.4,330664.38671415637,4674661.856040362,19,T
1646525186.2312937,0,0,0,,42.205763,-71.05123400000001,18.1,330666.4663632857,4674659.028396593,19,T
1646525187.2343695,0,0,0,,42.205740999999996,-71.05121100000001,19.4,330668.30636261305,4674656.539832273,19,T
1646525188.2372038,0,0,0,,42.205721999999994,-71.051196,20.8,330669.49393370666,4674654.400278892,19,T
1646525189.2351913,0,0,0,,42.205707000000004,-71.05118900000001,22.0,330670.03174747794,4674652.720776002,19,T
1646525190.236474,0,0,0,,42.205699,-71.05118499999999,23.2,330670.3405964359,4674651.824511459,19,T
1646525191.2363665,0,0,0,,42.205699,-71.051184,23.2,330670.4231520422,4674651.822525128,19,T
1646525192.2339284,0,0,0,,42.205699,-71.051184,23.3,330670.4231520422,4674651.822525128,19,T
1646525193.2320278,0,0,0,,42.205699,-71.051184,23.3,330670.4231520422,4674651.822525128,19,T
1646525194.2359338,0,0,0,,42.205699,-71.051184,23.4,330670.4231520422,4674651.822525128,19,T
1646525195.2360504,0,0,0,,42.205699,-71.051184,23.4,330670.4231520422,4674651.822525128,19,T
1646525196.2351882,0,0,0,,42.2057,-71.051184,23.4,330670.42582371994,4674651.933565029,19,T
1646525197.2383988,0,0,0,,42.2057,-71.051184,23.5,330670.42582371994,4674651.933565029,19,T
1646525198.2350273,0,0,0,,42.2057,-71.051184,23.5,330670.42582371994,4674651.933565029,19,T
1646525199.2350597,0,0,0,,42.2057,-71.051184,23.5,330670.42582371994,4674651.933565029,19,T
1646525200.2350285,0,0,0,,42.2057,-71.051184,23.5,330670.42582371994,4674651.933565029,19,T
1646525201.2333086,0,0,0,,42.2057,-71.051184,23.5,330670.42582371994,4674651.933565029,19,T
1646525202.2359686,0,0,0,,42.2057,-71.051183,23.6,330670.50837932917,4674651.931578698,19,T
1646525203.2320368,0,0,0,,42.2057,-71.051183,23.6,330670.50837932917,4674651.931578698,19,T
1646525204.2336385,0,0,0,,42.2057,-71.051183,23.6,330670.50837932917,4674651.931578698,19,T
1646525205.2386448,0,0,0,,42.2057,-71.051183,23.6,330670.50837932917,4674651.931578698,19,T
1646525206.2326338,0,0,0,,42.2057,-71.051183,23.6,330670.50837932917,4674651.931578698,19,T
1646525207.2345934,0,0,0,,42.2057,-71.051183,23.7,330670.50837932917,4674651.931578698,19,T
1646525208.2376575,0,0,0,,42.2057,-71.051183,23.7,330670.50837932917,4674651.931578698,19,T
1646525209.229552,0,0,0,,42.2057,-71.051183,23.7,330670.50837932917,4674651.931578698,19,T
1646525210.2312915,0,0,0,,42.205701,-71.051183,23.7,330670.5110510057,4674652.042618599,19,T
1646525211.2328062,0,0,0,,42.205701,-71.051183,23.7,330670.5110510057,4674652.042618599,19,T
1646525212.2355542,0,0,0,,42.205701,-71.051183,23.8,330670.5110510057,4674652.042618599,19,T
1646525213.2364018,0,0,0,,42.205701,-71.051183,23.8,330670.5110510057,4674652.042618599,19,T
1646525214.2322516,0,0,0,,42.205702,-71.051183,23.8,330670.51372268226,4674652.1536585,19,T
1646525215.2382236,0,0,0,,42.205702,-71.051183,23.8,330670.51372268226,4674652.1536585,19,T
1646525216.232961,0,0,0,,42.205702,-71.051182,23.8,330670.5962782847,4674652.151672171,19,T
1646525217.2365353,0,0,0,,42.205702,-71.051182,23.8,330670.5962782847,4674652.151672171,19,T
1646525218.2351716,0,0,0,,42.205702,-71.051182,23.9,330670.5962782847,4674652.151672171,19,T
1646525219.237029,0,0,0,,42.205702,-71.051182,23.9,330670.5962782847,4674652.151672171,19,T
1646525220.2349455,0,0,0,,42.205703,-71.051182,23.9,330670.59894995997,4674652.262712072,19,T
1646525221.252482,0,0,0,,42.205703,-71.051182,23.9,330670.59894995997,4674652.262712072,19,T
1646525222.238208,0,0,0,,42.205703,-71.051182,23.9,330670.59894995997,4674652.262712072,19,T
1646525223.2400362,0,0,0,,42.205703,-71.051182,23.9,330670.59894995997,4674652.262712072,19,T
1646525224.2384417,0,0,0,,42.205704,-71.051182,23.9,330670.6016216354,4674652.373751972,19,T
1646525225.2391248,0,0,0,,42.205704,-71.051182,23.9,330670.6016216354,4674652.373751972,19,T
1646525226.238692,0,0,0,,42.205704999999995,-71.051182,24.0,330670.6042933108,4674652.484791874,19,T
1646525227.2403896,0,0,0,,42.205704999999995,-71.051182,24.0,330670.6042933108,4674652.484791874,19,T
1646525228.2400594,0,0,0,,42.205706,-71.051181,24.1,330670.68952058756,4674652.593845447,19,T
1646525229.2396195,0,0,0,,42.205707000000004,-71.051181,24.1,330670.6921922618,4674652.704885346,19,T
1646525230.239866,0,0,0,,42.205708,-71.051181,24.2,330670.69486393617,4674652.815925247,19,T
1646525231.2386088,0,0,0,,42.205709,-71.05118,24.2,330670.7800912037,4674652.924978821,19,T
1646525232.2389092,0,0,0,,42.205709,-71.05118,24.2,330670.7800912037,4674652.924978821,19,T
1646525233.2426586,0,0,0,,42.205709999999996,-71.05118,24.3,330670.78276287677,4674653.036018722,19,T
1646525234.2376664,0,0,0,,42.205709999999996,-71.05118,24.3,330670.78276287677,4674653.036018722,19,T
1646525235.237463,0,0,0,,42.205709999999996,-71.05118,24.3,330670.78276287677,4674653.036018722,19,T
1646525236.2432075,0,0,0,,42.205709999999996,-71.05118,24.3,330670.78276287677,4674653.036018722,19,T
1646525237.2429044,0,0,0,,42.205711,-71.05118,24.3,330670.7854345499,4674653.147058623,19,T
1646525238.2404635,0,0,0,,42.205711,-71.05118,24.3,330670.7854345499,4674653.147058623,19,T
1646525239.2406323,0,0,0,,42.205711,-71.05118,24.3,330670.7854345499,4674653.147058623,19,T
1646525240.2398195,0,0,0,,42.205719,-71.051179,24.4,330670.88936351903,4674654.033391506,19,T
1646525241.2394273,0,0,0,,42.205721999999994,-71.051178,24.2,330670.9799341145,4674654.364524881,19,T
1646525242.2341745,0,0,0,,42.205721999999994,-71.051178,24.2,330670.9799341145,4674654.364524881,19,T
1646525243.238893,0,0,0,,42.205721999999994,-71.051178,24.2,330670.9799341145,4674654.364524881,19,T
1646525244.2340474,0,0,0,,42.205721999999994,-71.051178,24.2,330670.9799341145,4674654.364524881,19,T
1646525245.23668,0,0,0,,42.205721999999994,-71.051178,24.2,330670.9799341145,4674654.364524881,19,T
1646525246.2293973,0,0,0,,42.205721999999994,-71.051178,24.2,330670.9799341145,4674654.364524881,19,T
1646525247.2348156,0,0,0,,42.205723,-71.051178,24.2,330670.9826057856,4674654.475564783,19,T
1646525248.2369416,0,0,0,,42.205723,-71.051178,24.2,330670.9826057856,4674654.475564783,19,T
1646525249.2361362,0,0,0,,42.205723,-71.051178,24.2,330670.9826057856,4674654.475564783,19,T
1646525250.2297716,0,0,0,,42.205723,-71.051178,24.2,330670.9826057856,4674654.475564783,19,T
1646525251.2338572,0,0,0,,42.205723,-71.051178,24.2,330670.9826057856,4674654.475564783,19,T
1646525252.2309568,0,0,0,,42.205723,-71.051178,24.2,330670.9826057856,4674654.475564783,19,T
1646525253.2360806,0,0,0,,42.205723,-71.051178,24.2,330670.9826057856,4674654.475564783,19,T
1646525254.2329233,0,0,0,,42.205723,-71.051178,24.2,330670.9826057856,4674654.475564783,19,T
1646525255.230743,0,0,0,,42.205723,-71.051178,24.2,330670.9826057856,4674654.475564783,19,T
1646525256.2367098,0,0,0,,42.205723,-71.051178,24.2,330670.9826057856,4674654.475564783,19,T
1646525257.2342572,0,0,0,,42.205723,-71.051178,24.2,330670.9826057856,4674654.475564783,19,T
1646525258.2356768,0,0,0,,42.205723,-71.051178,24.2,330670.9826057856,4674654.475564783,19,T
1646525259.23558,0,0,0,,42.205723,-71.051178,24.2,330670.9826057856,4674654.475564783,19,T
1646525260.2330768,0,0,0,,42.205723,-71.051178,24.2,330670.9826057856,4674654.475564783,19,T
1646525261.2372017,0,0,0,,42.205723,-71.051178,24.2,330670.9826057856,4674654.475564783,19,T
1646525262.2328506,0,0,0,,42.205724000000004,-71.051177,24.2,330671.0678330326,4674654.584618361,19,T
1646525263.240959,0,0,0,,42.205725,-71.051179,23.8,330670.90539355355,4674654.699630912,19,T
1646525264.2446063,0,0,0,,42.205724000000004,-71.051179,23.5,330670.90272188105,4674654.588591011,19,T
1646525265.2417967,0,0,0,,42.205726999999996,-71.05117100000001,24.1,330671.5711814716,4674654.905820137,19,T
1646525266.2393317,0,0,0,,42.20571700000001,-71.051158,24.1,330672.6176874485,4674653.769599069,19,T
1646525267.2421355,0,0,0,,42.2057,-71.05114400000001,23.8,330673.72804798774,4674651.85411257,19,T
1646525268.2426696,0,0,0,,42.205692,-71.05112600000001,24.0,330675.19267609133,4674650.930040267,19,T
1646525269.2411761,0,0,0,,42.205685,-71.051113,23.9,330676.2471980164,4674650.1269394765,19,T
1646525270.2416902,0,0,0,,42.20568,-71.051103,23.4,330677.0593964228,4674649.551877405,19,T
1646525271.2412694,0,0,0,,42.205674,-71.051097,23.1,330677.5387008361,4674648.873720511,19,T
1646525272.2410767,0,0,0,,42.20567,-71.051092,23.0,330677.9407928112,4674648.419629691,19,T
1646525273.2408397,0,0,0,,42.205664999999996,-71.051085,22.9,330678.5053245941,4674647.850526526,19,T
1646525274.2431345,0,0,0,,42.205661,-71.05108100000001,22.7,330678.8248610367,4674647.398421998,19,T
1646525275.2415812,0,0,0,,42.205658,-71.051079,22.6,330678.98195773514,4674647.061329839,19,T
1646525276.2428095,0,0,0,,42.205658,-71.051078,22.5,330679.0645133944,4674647.05934361,19,T
1646525277.2408378,0,0,0,,42.205658,-71.051078,22.5,330679.0645133944,4674647.05934361,19,T
1646525278.2424161,0,0,0,,42.205658,-71.051078,22.5,330679.0645133944,4674647.05934361,19,T
1646525279.2428398,0,0,0,,42.205659,-71.05107699999999,22.5,330679.14974059386,4674647.168397282,19,T
1646525280.2432814,0,0,0,,42.205659,-71.05107699999999,22.4,330679.14974059386,4674647.168397282,19,T
1646525281.2423885,0,0,0,,42.205659,-71.05107699999999,22.4,330679.14974059386,4674647.168397282,19,T
1646525282.2425919,0,0,0,,42.205659999999995,-71.05107600000001,22.3,330679.2349677867,4674647.277450956,19,T
1646525283.2418659,0,0,0,,42.205656,-71.051074,22.2,330679.3893929753,4674646.829318908,19,T
1646525284.2416925,0,0,0,,42.205647,-71.051072,22.1,330679.53046053776,4674645.82598737,19,T
1646525285.2413752,0,0,0,,42.205635,-71.05107699999999,22.2,330679.08562374086,4674644.503439702,19,T
1646525286.2421346,0,0,0,,42.205624,-71.051084,21.2,330678.47834692016,4674643.295904423,19,T
1646525287.2419765,0,0,0,,42.205609,-71.05109999999999,20.4,330677.1173821755,4674641.6620857995,19,T
1646525288.2420473,0,0,0,,42.20559,-71.05112199999999,19.7,330675.2503959822,4674639.59602543,19,T
1646525289.2405212,0,0,0,,42.205567,-71.051148,19.2,330673.0424991163,4674637.093751111,19,T
1646525290.24161,0,0,0,,42.205541000000004,-71.051178,18.8,330670.496362492,4674634.266303042,19,T
1646525291.2424111,0,0,0,,42.205514,-71.05121100000001,18.4,330667.6998846155,4674631.333775009,19,T
1646525292.2437532,0,0,0,,42.205481,-71.051249,17.5,330664.4745945162,4674627.744940597,19,T
1646525293.2412684,0,0,0,,42.205451999999994,-71.051286,17.0,330661.3425443215,4674624.598280746,19,T
1646525294.239153,0,0,0,,42.205424,-71.051322,16.7,330658.2957191799,4674621.560675656,19,T
1646525295.2437332,0,0,0,,42.205397000000005,-71.051355,16.7,330655.4992313399,4674618.628152233,19,T
1646525296.2423346,0,0,0,,42.20537099999999,-71.051387,16.9,330652.7879691726,4674615.804683234,19,T
1646525297.2421002,0,0,0,,42.205344999999994,-71.051417,17.1,330650.24181700783,4674612.977242117,19,T
1646525298.2429914,0,0,0,,42.205321000000005,-71.051448,17.6,330647.6184507391,4674610.37386825,19,T
1646525299.2425873,0,0,0,,42.205295,-71.05148,17.5,330644.9071823356,4674607.550402137,19,T
1646525300.2429361,0,0,0,,42.205269,-71.051516,16.6,330641.86568710953,4674604.734883607,19,T
1646525301.2427468,0,0,0,,42.205247,-71.051548,15.8,330639.1651028078,4674602.355579185,19,T
1646525302.243631,0,0,0,,42.205231000000005,-71.051573,15.2,330637.0584432457,4674600.628608173,19,T
1646525303.2409422,0,0,0,,42.205224,-71.051584,14.6,330636.13161959755,4674599.873182713,19,T
1646525304.2448194,0,0,0,,42.205224,-71.05158499999999,14.7,330636.04906336986,4674599.875169428,19,T
1646525305.2455475,0,0,0,,42.205224,-71.05158499999999,14.7,330636.04906336986,4674599.875169428,19,T
1646525306.2437146,0,0,0,,42.205224,-71.05158499999999,14.7,330636.04906336986,4674599.875169428,19,T
1646525307.2440567,0,0,0,,42.205224,-71.051587,14.1,330635.8839509103,4674599.879142863,19,T
1646525308.2451577,0,0,0,,42.205226,-71.051587,13.6,330635.8892952675,4674600.101222654,19,T
1646525309.2366977,0,0,0,,42.20522700000001,-71.051586,13.1,330635.974523672,4674600.2102758335,19,T
1646525310.2497659,0,0,0,,42.205229,-71.05158499999999,12.6,330636.0624242502,4674600.430368907,19,T
1646525311.244103,0,0,0,,42.205229,-71.051584,12.2,330636.14498047135,4674600.428382191,19,T
1646525312.243909,0,0,0,,42.205229,-71.051582,11.8,330636.3100929178,4674600.424408762,19,T
1646525313.2451367,0,0,0,,42.205231000000005,-71.051581,11.5,330636.3979934852,4674600.644501841,19,T
1646525314.2417347,0,0,0,,42.205231000000005,-71.051581,11.5,330636.3979934852,4674600.644501841,19,T
1646525315.242307,0,0,0,,42.205231000000005,-71.051582,11.3,330636.3154372625,4674600.646488555,19,T
1646525316.240964,0,0,0,,42.20523,-71.05158499999999,11.0,330636.0650964264,4674600.541408802,19,T
1646525317.2469206,0,0,0,,42.205226,-71.05158999999999,10.8,330635.6416265882,4674600.107182813,19,T
1646525318.2454174,0,0,0,,42.205222000000006,-71.051597,10.6,330635.0530442335,4674599.676930303,19,T
1646525319.2445548,0,0,0,,42.205216,-71.051606,10.5,330634.2940049252,4674599.02857152,19,T
1646525320.2443326,0,0,0,,42.205206,-71.051618,10.3,330633.27660786256,4674597.942013472,19,T
1646525321.2450576,0,0,0,,42.205193,-71.051634,10.3,330631.92096871056,4674596.530282926,19,T
1646525322.246052,0,0,0,,42.205176,-71.051651,10.2,330630.47208369983,4674594.676379826,19,T
1646525323.2415879,0,0,0,,42.205153,-71.05167,10.1,330628.8420516198,4674592.1602112325,19,T
1646525324.2369585,0,0,0,,42.205127000000005,-71.051693,10.0,330626.873776081,4674589.31887058,19,T
1646525325.233901,0,0,0,,42.205096999999995,-71.051722,9.8,330624.3994712782,4674586.045291938,19,T
1646525326.237176,0,0,0,,42.205064,-71.051757,9.9,330621.4218084655,4674582.450515708,19,T
1646525327.2414463,0,0,0,,42.205028,-71.05179600000001,10.1,330618.1058994386,4674578.530568656,19,T
1646525328.2454057,0,0,0,,42.204989999999995,-71.051839,10.1,330614.4544156881,4674574.396491131,19,T
1646525329.2431357,0,0,0,,42.204952999999996,-71.051884,10.4,330610.64048712223,4674570.377429298,19,T
1646525330.2449381,0,0,0,,42.204918,-71.05193,10.8,330606.74934285996,4674566.5824362645,19,T
1646525331.2431862,0,0,0,,42.204885000000004,-71.051975,11.2,330602.94609646423,4674563.007537973,19,T
1646525332.2481015,0,0,0,,42.204854999999995,-71.05202100000001,11.9,330599.068307703,4674559.767748455,19,T
1646525333.2477744,0,0,0,,42.204825,-71.05206600000001,12.1,330595.2730721297,4674556.5259738015,19,T
1646525334.243429,0,0,0,,42.204795000000004,-71.052112,12.1,330591.3952762807,4674553.286188333,19,T
1646525335.2445154,0,0,0,,42.204768,-71.052158,12.3,330587.52549556707,4674550.379524589,19,T
1646525336.2391512,0,0,0,,42.204741999999996,-71.052204,12.3,330583.65838459984,4674547.583902783,19,T
1646525337.2418866,0,0,0,,42.204716,-71.052254,11.5,330579.4610429584,4674544.796232458,19,T
1646525338.2435932,0,0,0,,42.204691000000004,-71.05230499999999,10.9,330575.1838141069,4674542.121591853,19,T
1646525339.24425,0,0,0,,42.204668,-71.052358,10.5,330570.74681433936,4674539.673008465,19,T
1646525340.2457426,0,0,0,,42.204645,-71.052409,10.1,330566.47492537985,4674537.220452771,19,T
1646525341.2423477,0,0,0,,42.204624,-71.052457,9.8,330562.45605099853,4674534.984016696,19,T
1646525342.2419121,0,0,0,,42.204605,-71.052502,9.7,330558.69019180886,4674532.963699821,19,T
1646525343.233989,0,0,0,,42.204588,-71.052543,9.8,330555.25990544574,4674531.15751412,19,T
1646525344.2403016,0,0,0,,42.204568,-71.052581,9.9,330552.06926820637,4674529.012247332,19,T
1646525345.2448661,0,0,0,,42.204553,-71.05261999999999,9.9,330548.8094393385,4674527.424169111,19,T
1646525346.2435122,0,0,0,,42.204543,-71.052659,9.9,330545.56297664886,4674526.391291817,19,T
1646525347.246447,0,0,0,,42.204530999999996,-71.052699,10.1,330542.2286086226,4674525.138324002,19,T
1646525348.247467,0,0,0,,42.204516999999996,-71.052743,10.3,330538.55866342655,4674523.671229276,19,T
1646525349.2461934,0,0,0,,42.204503,-71.052788,10.4,330534.8061594487,4674522.206124302,19,T
1646525350.2449136,0,0,0,,42.204487,-71.052836,10.5,330530.8006347092,4674520.524905269,19,T
1646525351.2464936,0,0,0,,42.204468999999996,-71.052889,10.6,330526.376974204,4674518.631548541,19,T
1646525352.2480185,0,0,0,,42.204446,-71.052943,10.8,330521.8573844379,4674516.184983097,19,T
1646525353.2463436,0,0,0,,42.204422,-71.05299699999999,10.9,330517.3351174727,4674513.627380582,19,T
1646525354.248629,0,0,0,,42.204402,-71.053051,11.3,330512.82354331913,4674511.513940451,19,T
1646525355.246744,0,0,0,,42.204381999999995,-71.053105,11.5,330508.3119663553,4674509.400503138,19,T
1646525356.2449217,0,0,0,,42.204361,-71.053159,11.8,330503.7977124,4674507.176028752,19,T
1646525357.2434502,0,0,0,,42.204336999999995,-71.053217,12.4,330498.94520316,4674504.6263906695,19,T
1646525358.2452376,0,0,0,,42.204314999999994,-71.053275,12.5,330494.0980389652,4674502.298835625,19,T
1646525359.249473,0,0,0,,42.204294,-71.053334,12.6,330489.17098840873,4674500.084312125,19,T
1646525360.2458196,0,0,0,,42.204274,-71.053395,12.7,330484.08149415953,4674497.98480881,19,T
1646525361.2468622,0,0,0,,42.204251000000006,-71.053458,13.0,330478.8188580163,4674495.556166464,19,T
1646525362.245831,0,0,0,,42.204228,-71.053522,12.9,330473.4736605658,4674493.129516542,19,T
1646525363.2468767,0,0,0,,42.204204,-71.053587,12.8,330468.043226984,4674490.593819334,19,T
1646525364.2470615,0,0,0,,42.204178,-71.053654,12.5,330462.4423244993,4674487.840023856,19,T
1646525365.2460744,0,0,0,,42.204153,-71.053723,12.6,330456.67897711566,4674485.201250168,19,T
1646525366.2454865,0,0,0,,42.204124,-71.053794,12.4,330450.7398099083,4674482.122299213,19,T
1646525367.2466667,0,0,0,,42.204096,-71.053865,12.2,330444.80331244005,4674479.154393022,19,T
1646525368.2468662,0,0,0,,42.20407,-71.05393600000001,12.5,330438.87216016534,4674476.408571486,19,T
1646525369.2455297,0,0,0,,42.204044,-71.054005,12.7,330433.1061186476,4674473.658776715,19,T
1646525370.2464173,0,0,0,,42.204017,-71.05407199999999,12.6,330427.5025127366,4674470.793968413,19,T
1646525371.2474895,0,0,0,,42.203992,-71.054136,12.5,330422.151926552,4674468.145276687,19,T
1646525372.2474427,0,0,0,,42.203966,-71.054196,12.3,330417.1288922156,4674465.377592067,19,T
1646525373.2464883,0,0,0,,42.203943,-71.05425,12.3,330412.60922808875,4674462.931094841,19,T
1646525374.2455926,0,0,0,,42.203921,-71.054299,11.9,330408.50502609496,4674460.585693623,19,T
1646525375.2480397,0,0,0,,42.203900000000004,-71.054338,11.8,330405.2290767109,4674458.331440811,19,T
1646525376.24832,0,0,0,,42.203877000000006,-71.054366,11.6,330402.8559117113,4674455.8332261965,19,T
1646525377.2470834,0,0,0,,42.203855999999995,-71.05438199999999,11.5,330401.47879291954,4674453.533219037,19,T
1646525378.2475843,0,0,0,,42.203841000000004,-71.054389,11.3,330400.8607503232,4674451.881546617,19,T
1646525379.2484834,0,0,0,,42.203831,-71.054391,11.1,330400.6688766057,4674450.775126554,19,T
1646525380.2482927,0,0,0,,42.203823,-71.054391,11.0,330400.6474705109,4674449.886807424,19,T
1646525381.247054,0,0,0,,42.203819,-71.054391,10.8,330400.6367674648,4674449.44264786,19,T
1646525382.2489583,0,0,0,,42.203815999999996,-71.05439,10.8,330400.7112982605,4674449.107538761,19,T
1646525383.250488,0,0,0,,42.203814,-71.054389,10.8,330400.7885048231,4674448.883469554,19,T
1646525384.2493134,0,0,0,,42.203812,-71.054388,10.7,330400.8657113889,4674448.659400349,19,T
1646525385.2486753,0,0,0,,42.203810999999995,-71.05438699999999,10.7,330400.9455937202,4674448.546371034,19,T
1646525386.2483034,0,0,0,,42.203810000000004,-71.05438600000001,10.6,330401.02547604986,4674448.433341721,19,T
1646525387.2464907,0,0,0,,42.203809,-71.054385,10.5,330401.1053583864,4674448.320312408,19,T
1646525388.2510161,0,0,0,,42.203809,-71.054385,10.5,330401.1053583864,4674448.320312408,19,T
1646525389.2487702,0,0,0,,42.203809,-71.054385,10.5,330401.1053583864,4674448.320312408,19,T
1646525390.2475293,0,0,0,,42.203809,-71.054385,10.6,330401.1053583864,4674448.320312408,19,T
1646525391.2488937,0,0,0,,42.203809,-71.054385,10.6,330401.1053583864,4674448.320312408,19,T
1646525392.2497082,0,0,0,,42.203809,-71.054385,10.6,330401.1053583864,4674448.320312408,19,T
1646525393.249187,0,0,0,,42.203809,-71.054385,10.6,330401.1053583864,4674448.320312408,19,T
1646525394.248755,0,0,0,,42.203809,-71.054385,10.6,330401.1053583864,4674448.320312408,19,T
1646525395.2535367,0,0,0,,42.203809,-71.054385,10.6,330401.1053583864,4674448.320312408,19,T
1646525396.2495196,0,0,0,,42.203809,-71.054385,10.6,330401.1053583864,4674448.320312408,19,T
1646525397.248621,0,0,0,,42.20380600000001,-71.054383,10.4,330401.26244731084,4674447.983213898,19,T
1646525398.2454324,0,0,0,,42.203793999999995,-71.054378,10.3,330401.6431288506,4674446.640788128,19,T
1646525399.2499955,0,0,0,,42.203777,-71.054369,10.1,330402.34066439676,4674444.735205308,19,T
1646525400.2454188,0,0,0,,42.203756000000006,-71.054356,9.9,330403.35773011425,4674442.3775054375,19,T
1646525401.2632315,0,0,0,,42.20372999999999,-71.05434,9.7,330404.60909266875,4674439.458638159,19,T
1646525402.2464359,0,0,0,,42.2037,-71.054324,9.6,330405.8497536676,4674436.095611595,19,T
1646525403.247449,0,0,0,,42.203668,-71.054306,9.5,330407.2501812172,4674432.506526836,19,T
1646525404.2507522,0,0,0,,42.203632,-71.054289,9.5,330408.5573495309,4674428.475272194,19,T
1646525405.245541,0,0,0,,42.20359499999999,-71.054269,9.5,330410.1095190133,4674424.32701005,19,T
1646525406.247325,0,0,0,,42.203556,-71.05425,9.4,330411.57378095307,4674419.958657843,19,T
1646525407.243677,0,0,0,,42.203514999999996,-71.05423,9.3,330413.115252295,4674415.366236985,19,T
1646525408.2467422,0,0,0,,42.203474,-71.05420699999999,9.2,330414.9044014365,4674410.767848811,19,T
1646525409.2464101,0,0,0,,42.203432,-71.054185,9.0,330416.6083190685,4674406.060410534,19,T
1646525410.2470853,0,0,0,,42.203388999999994,-71.054164,9.0,330418.22700512374,4674401.243922088,19,T
1646525411.2482994,0,0,0,,42.203347,-71.054144,9.1,330419.7658103509,4674396.540463178,19,T
1646525412.245416,0,0,0,,42.203306000000005,-71.054123,9.1,330421.38985198573,4674391.946055417,19,T
1646525413.2435193,0,0,0,,42.203263,-71.054104,9.2,330422.84342764236,4674387.133546648,19,T
1646525414.2427244,0,0,0,,42.203222,-71.054086,9.2,330424.2197973358,4674382.545107155,19,T
1646525415.244291,0,0,0,,42.20318,-71.054068,9.7,330425.59349372995,4674377.8456281405,19,T
1646525416.250136,0,0,0,,42.203137,-71.05404800000001,9.7,330427.1296348302,4674373.031131418,19,T
1646525417.2455516,0,0,0,,42.203094,-71.05402699999999,10.1,330428.74833728606,4674368.214646059,19,T
1646525418.2464168,0,0,0,,42.203050000000005,-71.054007,10.5,330430.2818078919,4674363.289110346,19,T
1646525419.247495,0,0,0,,42.203005999999995,-71.05398600000001,11.1,330431.89784002653,4674358.361586033,19,T
1646525420.247421,0,0,0,,42.202960999999995,-71.053966,12.1,330433.42864031496,4674353.325011332,19,T
1646525421.2469983,0,0,0,,42.202917,-71.053951,12.6,330434.54932194174,4674348.409421894,19,T
1646525422.24997,0,0,0,,42.202870000000004,-71.05394100000001,13.9,330435.2491834776,4674343.170658007,19,T
1646525423.249578,0,0,0,,42.20282,-71.053932,15.2,330435.85846164933,4674337.600763623,19,T
1646525424.2405655,0,0,0,,42.202772,-71.05392499999999,15.9,330436.3079724406,4674332.2569270395,19,T
1646525425.2434773,0,0,0,,42.202723999999996,-71.05391800000001,16.9,330436.75748422515,4674326.913090546,19,T
1646525426.2462227,0,0,0,,42.202675,-71.053906,18.4,330437.61711975536,4674321.448269521,19,T
1646525427.2506952,0,0,0,,42.20263,-71.053895,19.6,330438.4048975236,4674316.429597091,19,T
1646525428.2478683,0,0,0,,42.202591000000005,-71.053882,20.0,330439.37384625484,4674312.073186168,19,T
1646525429.2467358,0,0,0,,42.202557,-71.05387,20.5,330440.2736117439,4674308.273963683,19,T
1646525430.246997,0,0,0,,42.202526,-71.053858,20.6,330441.18140335404,4674304.807860961,19,T
1646525431.2507095,0,0,0,,42.202505,-71.053844,18.4,330442.2810653801,4674302.448179273,19,T
1646525432.2557335,0,0,0,,42.202479000000004,-71.053832,17.2,330443.20223375154,4674299.537276212,19,T
1646525433.2501743,0,0,0,,42.202455,-71.053821,16.6,330444.0461930139,4674296.850441898,19,T
1646525434.2495422,0,0,0,,42.202436,-71.053811,16.1,330444.82096777624,4674294.7207958875,19,T
1646525435.2507002,0,0,0,,42.202424,-71.05380699999999,15.3,330445.1191081444,4674293.380362114,19,T
1646525436.2503307,0,0,0,,42.202421,-71.053804,14.7,330445.3587630461,4674293.041275976,19,T
1646525437.249954,0,0,0,,42.202421,-71.053804,14.8,330445.3587630461,4674293.041275976,19,T
1646525438.250347,0,0,0,,42.202421,-71.053804,14.8,330445.3587630461,4674293.041275976,19,T
1646525439.2519488,0,0,0,,42.202422,-71.053804,14.8,330445.3614379697,4674293.152315839,19,T
1646525440.25273,0,0,0,,42.202422,-71.053804,14.8,330445.3614379697,4674293.152315839,19,T
1646525441.2509084,0,0,0,,42.202422,-71.053804,14.8,330445.3614379697,4674293.152315839,19,T
1646525442.2523766,0,0,0,,42.202422,-71.053804,14.8,330445.3614379697,4674293.152315839,19,T
1646525443.2528994,0,0,0,,42.202422,-71.053804,14.8,330445.3614379697,4674293.152315839,19,T
1646525444.2522986,0,0,0,,42.202422,-71.053804,14.8,330445.3614379697,4674293.152315839,19,T
1646525445.2513237,0,0,0,,42.202422,-71.053804,14.8,330445.3614379697,4674293.152315839,19,T
1646525446.2512717,0,0,0,,42.202422,-71.053804,14.8,330445.3614379697,4674293.152315839,19,T
1646525447.253576,0,0,0,,42.202422,-71.053804,14.8,330445.3614379697,4674293.152315839,19,T
1646525448.2534606,0,0,0,,42.202422,-71.053804,14.8,330445.3614379697,4674293.152315839,19,T
1646525449.248722,0,0,0,,42.202422,-71.053804,14.8,330445.3614379697,4674293.152315839,19,T
1646525450.248081,0,0,0,,42.202422,-71.053804,14.8,330445.3614379697,4674293.152315839,19,T
1646525451.2526298,0,0,0,,42.202422,-71.053804,14.8,330445.3614379697,4674293.152315839,19,T
1646525452.2532783,0,0,0,,42.202422,-71.053804,14.8,330445.3614379697,4674293.152315839,19,T
1646525453.251624,0,0,0,,42.202422,-71.053804,14.8,330445.3614379697,4674293.152315839,19,T
1646525454.2522216,0,0,0,,42.202422,-71.053804,14.8,330445.3614379697,4674293.152315839,19,T
1646525455.2536418,0,0,0,,42.202422999999996,-71.053804,14.9,330445.3641128934,4674293.263355701,19,T
1646525456.2527785,0,0,0,,42.202422999999996,-71.053804,14.9,330445.3641128934,4674293.263355701,19,T
1646525457.2515445,0,0,0,,42.202422999999996,-71.053804,14.9,330445.3641128934,4674293.263355701,19,T
1646525458.251628,0,0,0,,42.202422999999996,-71.053804,14.8,330445.3641128934,4674293.263355701,19,T
1646525459.253493,0,0,0,,42.202422999999996,-71.053804,14.9,330445.3641128934,4674293.263355701,19,T
1646525460.2533412,0,0,0,,42.202422999999996,-71.053804,14.9,330445.3641128934,4674293.263355701,19,T
1646525461.2665706,0,0,0,,42.202422999999996,-71.053804,14.9,330445.3641128934,4674293.263355701,19,T
1646525462.2516155,0,0,0,,42.202422999999996,-71.053804,14.9,330445.3641128934,4674293.263355701,19,T
1646525463.2530503,0,0,0,,42.202422999999996,-71.053804,14.9,330445.3641128934,4674293.263355701,19,T
1646525464.2526562,0,0,0,,42.202422999999996,-71.053804,14.9,330445.3641128934,4674293.263355701,19,T
1646525465.2516248,0,0,0,,42.202424,-71.053804,14.9,330445.3667878171,4674293.374395566,19,T
1646525466.2524252,0,0,0,,42.202424,-71.053804,14.9,330445.3667878171,4674293.374395566,19,T
1646525467.25283,0,0,0,,42.202424,-71.053804,14.9,330445.3667878171,4674293.374395566,19,T
