%time,field.header.seq,field.header.stamp,field.header.frame_id,field.latitude,field.longitude,field.altitude,field.utm_easting,field.utm_northing,field.zone,field.letter
1644336857927412286,1,1644336857926847934,,42.34068333333333,-71.09820333333333,10.0,327158.10032834375,4689735.134365936,19.0,T
1644336858925878228,2,1644336858925423860,,42.34068333333333,-71.09820333333333,9.9,327158.10032834375,4689735.134365936,19.0,T
1644336859925945471,3,1644336859925506114,,42.34068333333333,-71.09820333333333,9.9,327158.10032834375,4689735.134365936,19.0,T
1644336860921345770,4,1644336860920917510,,42.34068333333333,-71.09820333333333,9.9,327158.10032834375,4689735.134365936,19.0,T
1644336861922127132,5,1644336861921812772,,42.34068333333333,-71.09820333333333,9.9,327158.10032834375,4689735.134365936,19.0,T
1644336862932245388,6,1644336862928700685,,42.34068333333333,-71.09820333333333,9.9,327158.10032834375,4689735.134365936,19.0,T
1644336863927656227,7,1644336863927242279,,42.34068333333333,-71.09820333333333,9.9,327158.10032834375,4689735.134365936,19.0,T
1644336864929732152,8,1644336864929193735,,42.340685,-71.09820333333333,9.8,327158.104895229,4689735.319436767,19.0,T
1644336865924032907,9,1644336865923638820,,42.340685,-71.09820333333333,9.8,327158.104895229,4689735.319436767,19.0,T
1644336866932097874,10,1644336866931336164,,42.340685,-71.09820333333333,9.8,327158.104895229,4689735.319436767,19.0,T
1644336867930027089,11,1644336867929621458,,42.340685,-71.09820333333333,9.8,327158.104895229,4689735.319436767,19.0,T
1644336868931204337,12,1644336868930816411,,42.340685,-71.09820333333333,9.8,327158.104895229,4689735.319436767,19.0,T
1644336869931907810,13,1644336869931532382,,42.340685,-71.09820333333333,9.8,327158.104895229,4689735.319436767,19.0,T
1644336870932802246,14,1644336870932352781,,42.340685,-71.09820333333333,9.7,327158.104895229,4689735.319436767,19.0,T
1644336871927115701,15,1644336871926671266,,42.340685,-71.09820333333333,9.7,327158.104895229,4689735.319436767,19.0,T
1644336872944808884,16,1644336872944372415,,42.340685,-71.098205,9.7,327157.9675958711,4689735.3228248255,19.0,T
1644336873949720286,17,1644336873949131250,,42.340685,-71.098205,9.7,327157.9675958711,4689735.3228248255,19.0,T
1644336874950452536,18,1644336874949998378,,42.340685,-71.098205,9.7,327157.9675958711,4689735.3228248255,19.0,T
1644336875951328884,19,1644336875950798749,,42.340685,-71.098205,9.7,327157.9675958711,4689735.3228248255,19.0,T
1644336876951011773,20,1644336876950621366,,42.340685,-71.098205,9.7,327157.9675958711,4689735.3228248255,19.0,T
1644336877951757578,21,1644336877951319456,,42.340685,-71.098205,9.6,327157.9675958711,4689735.3228248255,19.0,T
1644336878953302390,22,1644336878952862262,,42.340685,-71.098205,9.6,327157.9675958711,4689735.3228248255,19.0,T
1644336879931284353,23,1644336879930706024,,42.340685,-71.098205,9.6,327157.9675958711,4689735.3228248255,19.0,T
1644336880953055691,24,1644336880952611446,,42.340685,-71.098205,9.6,327157.9675958711,4689735.3228248255,19.0,T
1644336881956810161,25,1644336881955562353,,42.340685,-71.098205,9.6,327157.9675958711,4689735.3228248255,19.0,T
1644336882955713328,26,1644336882955134630,,42.340685,-71.098205,9.6,327157.9675958711,4689735.3228248255,19.0,T
1644336883954629183,27,1644336883954190254,,42.340685,-71.098205,9.6,327157.9675958711,4689735.3228248255,19.0,T
1644336884956490596,28,1644336884955847978,,42.340685,-71.098205,9.5,327157.9675958711,4689735.3228248255,19.0,T
1644336885956841781,29,1644336885956389188,,42.340685,-71.098205,9.5,327157.9675958711,4689735.3228248255,19.0,T
1644336886956781064,30,1644336886956334352,,42.340685,-71.098205,9.5,327157.9675958711,4689735.3228248255,19.0,T
1644336887957720109,31,1644336887957332372,,42.340685,-71.098205,9.5,327157.9675958711,4689735.3228248255,19.0,T
1644336888958783464,32,1644336888958185911,,42.340685,-71.098205,9.5,327157.9675958711,4689735.3228248255,19.0,T
1644336889952197458,33,1644336889951851367,,42.340685,-71.098205,9.5,327157.9675958711,4689735.3228248255,19.0,T
1644336890944424784,34,1644336890943426132,,42.340685,-71.098205,9.5,327157.9675958711,4689735.3228248255,19.0,T
1644336891943686772,35,1644336891942872762,,42.340685,-71.098205,9.4,327157.9675958711,4689735.3228248255,19.0,T
1644336892959618484,36,1644336892959179401,,42.340685,-71.098205,9.4,327157.9675958711,4689735.3228248255,19.0,T
1644336893943343937,37,1644336893942912817,,42.340685,-71.098205,9.4,327157.9675958711,4689735.3228248255,19.0,T
1644336894943999999,38,1644336894943557024,,42.340685,-71.098205,9.4,327157.9675958711,4689735.3228248255,19.0,T
1644336895944018795,39,1644336895943586111,,42.340685,-71.098205,9.4,327157.9675958711,4689735.3228248255,19.0,T
1644336896944971031,40,1644336896944456815,,42.34068666666667,-71.098205,9.4,327157.9721627601,4689735.507895659,19.0,T
1644336897944633168,41,1644336897944092512,,42.34068666666667,-71.098205,9.4,327157.9721627601,4689735.507895659,19.0,T
1644336898946917971,42,1644336898946129322,,42.34068666666667,-71.098205,9.3,327157.9721627601,4689735.507895659,19.0,T
1644336899945582386,43,1644336899945199728,,42.34068666666667,-71.098205,9.3,327157.9721627601,4689735.507895659,19.0,T
1644336900945632643,44,1644336900945200920,,42.34068666666667,-71.098205,9.3,327157.9721627601,4689735.507895659,19.0,T
1644336901946591056,45,1644336901946088790,,42.34068666666667,-71.098205,9.3,327157.9721627601,4689735.507895659,19.0,T
1644336902947233702,46,1644336902946853637,,42.34068666666667,-71.098205,9.3,327157.9721627601,4689735.507895659,19.0,T
1644336903941175678,47,1644336903940789699,,42.34068666666667,-71.098205,9.3,327157.9721627601,4689735.507895659,19.0,T
1644336904948061376,48,1644336904947558641,,42.34068666666667,-71.098205,9.3,327157.9721627601,4689735.507895659,19.0,T
1644336905948404062,49,1644336905948021173,,42.34068666666667,-71.098205,9.3,327157.9721627601,4689735.507895659,19.0,T
1644336906949353250,50,1644336906948848724,,42.34068666666667,-71.098205,9.3,327157.9721627601,4689735.507895659,19.0,T
1644336907949672136,51,1644336907949290752,,42.34068666666667,-71.098205,9.2,327157.9721627601,4689735.507895659,19.0,T
1644336908952619248,52,1644336908952183485,,42.34068666666667,-71.098205,9.2,327157.9721627601,4689735.507895659,19.0,T
1644336909952445313,53,1644336909951611995,,42.34068666666667,-71.098205,9.2,327157.9721627601,4689735.507895659,19.0,T
1644336910951368105,54,1644336910950863599,,42.34068666666667,-71.098205,9.2,327157.9721627601,4689735.507895659,19.0,T
1644336911951386289,55,1644336911950916767,,42.34068666666667,-71.098205,9.2,327157.9721627601,4689735.507895659,19.0,T
1644336912951728542,56,1644336912951292276,,42.34068666666667,-71.09820666666667,9.2,327157.8348634037,4689735.511283719,19.0,T
1644336913948360230,57,1644336913947309017,,42.34068666666667,-71.09820666666667,9.2,327157.8348634037,4689735.511283719,19.0,T
1644336914955448922,58,1644336914955012321,,42.34068666666667,-71.09820666666667,9.2,327157.8348634037,4689735.511283719,19.0,T
1644336915948941151,59,1644336915948553800,,42.34068666666667,-71.09820666666667,9.2,327157.8348634037,4689735.511283719,19.0,T
1644336916954015555,60,1644336916953503370,,42.34068666666667,-71.09820666666667,9.1,327157.8348634037,4689735.511283719,19.0,T
1644336917954407599,61,1644336917954030513,,42.34068666666667,-71.09820666666667,9.1,327157.8348634037,4689735.511283719,19.0,T
1644336918954874321,62,1644336918954372406,,42.34068666666667,-71.09820666666667,9.1,327157.8348634037,4689735.511283719,19.0,T
1644336919950375269,63,1644336919949943780,,42.34068666666667,-71.09820666666667,9.1,327157.8348634037,4689735.511283719,19.0,T
1644336920957607125,64,1644336920957167863,,42.34068666666667,-71.09820666666667,9.1,327157.8348634037,4689735.511283719,19.0,T
1644336921957072227,65,1644336921956542015,,42.34068666666667,-71.09820666666667,9.1,327157.8348634037,4689735.511283719,19.0,T
1644336922973648093,66,1644336922973218202,,42.34068666666667,-71.09820666666667,9.1,327157.8348634037,4689735.511283719,19.0,T
1644336923974142528,67,1644336923973623514,,42.34068666666667,-71.09820666666667,9.1,327157.8348634037,4689735.511283719,19.0,T
1644336924974717544,68,1644336924974279642,,42.34068666666667,-71.09820666666667,9.1,327157.8348634037,4689735.511283719,19.0,T
1644336925975216993,69,1644336925974775552,,42.34068666666667,-71.09820666666667,9.1,327157.8348634037,4689735.511283719,19.0,T
1644336926978794928,70,1644336926977935314,,42.34068666666667,-71.09820666666667,9.0,327157.8348634037,4689735.511283719,19.0,T
1644336927970449839,71,1644336927970005750,,42.34068666666667,-71.09820666666667,9.0,327157.8348634037,4689735.511283719,19.0,T
1644336928960223249,72,1644336928959705114,,42.34068666666667,-71.09820666666667,9.0,327157.8348634037,4689735.511283719,19.0,T
1644336929977351943,73,1644336929976905584,,42.34068666666667,-71.09820666666667,9.0,327157.8348634037,4689735.511283719,19.0,T
1644336930961234443,74,1644336930960843801,,42.34068666666667,-71.09820666666667,9.0,327157.8348634037,4689735.511283719,19.0,T
1644336931961296821,75,1644336931960789442,,42.34068666666667,-71.09820666666667,9.0,327157.8348634037,4689735.511283719,19.0,T
1644336932979587030,76,1644336932979014635,,42.34068666666667,-71.09820666666667,9.0,327157.8348634037,4689735.511283719,19.0,T
1644336933979303798,77,1644336933978865146,,42.34068666666667,-71.09820666666667,9.0,327157.8348634037,4689735.511283719,19.0,T
1644336934980328624,78,1644336934979825258,,42.34068666666667,-71.09820666666667,9.0,327157.8348634037,4689735.511283719,19.0,T
1644336935980397269,79,1644336935979957818,,42.34068666666667,-71.09820666666667,8.9,327157.8348634037,4689735.511283719,19.0,T
1644336936981285778,80,1644336936980848550,,42.34068666666667,-71.09820666666667,8.9,327157.8348634037,4689735.511283719,19.0,T
1644336937959343616,81,1644336937958793878,,42.34068666666667,-71.09820666666667,8.9,327157.8348634037,4689735.511283719,19.0,T
1644336938984622059,82,1644336938983998775,,42.34068666666667,-71.09820666666667,8.9,327157.8348634037,4689735.511283719,19.0,T
1644336939982549786,83,1644336939982111454,,42.34068666666667,-71.09820666666667,8.9,327157.8348634037,4689735.511283719,19.0,T
1644336940983453876,84,1644336940983013153,,42.34068666666667,-71.09820666666667,8.9,327157.8348634037,4689735.511283719,19.0,T
1644336941966207207,85,1644336941965816020,,42.34068666666667,-71.09820666666667,8.9,327157.8348634037,4689735.511283719,19.0,T
1644336942984017819,86,1644336942983304262,,42.34068666666667,-71.09820666666667,8.9,327157.8348634037,4689735.511283719,19.0,T
1644336943980488090,87,1644336943979709863,,42.34068666666667,-71.09820666666667,8.9,327157.8348634037,4689735.511283719,19.0,T
1644336944969363500,88,1644336944968965768,,42.34068666666667,-71.09820666666667,8.9,327157.8348634037,4689735.511283719,19.0,T
1644336945969082108,89,1644336945968685150,,42.34068666666667,-71.09820666666667,8.9,327157.8348634037,4689735.511283719,19.0,T
1644336946969283663,90,1644336946968898057,,42.34068666666667,-71.09820666666667,8.8,327157.8348634037,4689735.511283719,19.0,T
1644336947969923933,91,1644336947969421863,,42.34068666666667,-71.09820666666667,8.8,327157.8348634037,4689735.511283719,19.0,T
1644336948987396561,92,1644336948986960411,,42.34068666666667,-71.09820666666667,8.8,327157.8348634037,4689735.511283719,19.0,T
1644336949970660071,93,1644336949970269203,,42.34068666666667,-71.09820666666667,8.8,327157.8348634037,4689735.511283719,19.0,T
1644336950971953768,94,1644336950971352577,,42.34068666666667,-71.09820666666667,8.8,327157.8348634037,4689735.511283719,19.0,T
1644336951966440436,95,1644336951966001033,,42.34068666666667,-71.09820666666667,8.8,327157.8348634037,4689735.511283719,19.0,T
1644336952971696020,96,1644336952971093654,,42.34068666666667,-71.09820666666667,8.8,327157.8348634037,4689735.511283719,19.0,T
1644336953970242853,97,1644336953969802141,,42.34068666666667,-71.09820666666667,8.8,327157.8348634037,4689735.511283719,19.0,T
1644336954973184894,98,1644336954972292423,,42.34068666666667,-71.09820666666667,8.8,327157.8348634037,4689735.511283719,19.0,T
1644336955972258797,99,1644336955971651554,,42.34068666666667,-71.09820666666667,8.8,327157.8348634037,4689735.511283719,19.0,T
1644336956972365399,100,1644336956971928834,,42.34068666666667,-71.09820666666667,8.8,327157.8348634037,4689735.511283719,19.0,T
1644336957967266782,101,1644336957966874361,,42.34068666666667,-71.09820666666667,8.8,327157.8348634037,4689735.511283719,19.0,T
1644336958972646171,102,1644336958972200393,,42.34068666666667,-71.09820666666667,8.8,327157.8348634037,4689735.511283719,19.0,T
1644336959975167116,103,1644336959974786043,,42.34068666666667,-71.09820666666667,8.8,327157.8348634037,4689735.511283719,19.0,T
1644336960975676622,104,1644336960975236415,,42.34068666666667,-71.09820666666667,8.7,327157.8348634037,4689735.511283719,19.0,T
1644336961977535429,105,1644336961976638317,,42.34068666666667,-71.09820833333333,8.7,327157.69756404945,4689735.514671782,19.0,T
1644336962972854929,106,1644336962972273588,,42.34068666666667,-71.09820833333333,8.7,327157.69756404945,4689735.514671782,19.0,T
1644336963972436820,107,1644336963971848487,,42.34068666666667,-71.09820833333333,8.7,327157.69756404945,4689735.514671782,19.0,T
1644336964977634050,108,1644336964977046012,,42.34068666666667,-71.09820833333333,8.7,327157.69756404945,4689735.514671782,19.0,T
1644336965979566210,109,1644336965979086637,,42.34068666666667,-71.09820833333333,8.7,327157.69756404945,4689735.514671782,19.0,T
1644336966978524152,110,1644336966978031873,,42.34068666666667,-71.09820833333333,8.7,327157.69756404945,4689735.514671782,19.0,T
1644336967973130808,111,1644336967972689151,,42.34068666666667,-71.09820833333333,8.7,327157.69756404945,4689735.514671782,19.0,T
1644336968981489165,112,1644336968981013536,,42.34068666666667,-71.09820833333333,8.7,327157.69756404945,4689735.514671782,19.0,T
1644336969974335817,113,1644336969973899126,,42.34068666666667,-71.09820833333333,8.7,327157.69756404945,4689735.514671782,19.0,T
1644336970980927546,114,1644336970980501651,,42.34068666666667,-71.09820833333333,8.7,327157.69756404945,4689735.514671782,19.0,T
1644336971981470916,115,1644336971981063604,,42.34068666666667,-71.09820833333333,8.7,327157.69756404945,4689735.514671782,19.0,T
1644336972998409033,116,1644336972997972965,,42.34068666666667,-71.09820833333333,8.7,327157.69756404945,4689735.514671782,19.0,T
1644336973998860976,117,1644336973998428106,,42.34068666666667,-71.09820833333333,8.7,327157.69756404945,4689735.514671782,19.0,T
1644336975000483194,118,1644336974999858856,,42.34068666666667,-71.09820833333333,8.7,327157.69756404945,4689735.514671782,19.0,T
1644336975994122381,119,1644336975993664979,,42.34068666666667,-71.09820833333333,8.7,327157.69756404945,4689735.514671782,19.0,T
1644336976984969894,120,1644336976984530448,,42.34068666666667,-71.09820833333333,8.7,327157.69756404945,4689735.514671782,19.0,T
1644336978000581514,121,1644336978000139236,,42.34068666666667,-71.09820833333333,8.7,327157.69756404945,4689735.514671782,19.0,T
1644336979001479442,122,1644336979001040935,,42.34068666666667,-71.09820833333333,8.7,327157.69756404945,4689735.514671782,19.0,T
1644336979995750474,123,1644336979995236873,,42.34068666666667,-71.09820833333333,8.7,327157.69756404945,4689735.514671782,19.0,T
1644336980986313679,124,1644336980985869646,,42.34068666666667,-71.09820833333333,8.7,327157.69756404945,4689735.514671782,19.0,T
1644336981980232795,125,1644336981979792118,,42.34068666666667,-71.09820833333333,8.7,327157.69756404945,4689735.514671782,19.0,T
1644336983003847718,126,1644336983003413438,,42.34068666666667,-71.09820833333333,8.7,327157.69756404945,4689735.514671782,19.0,T
1644336984004113760,127,1644336984003672838,,42.34068666666667,-71.09820833333333,8.7,327157.69756404945,4689735.514671782,19.0,T
1644336985004537824,128,1644336985004099607,,42.34068666666667,-71.09820833333333,8.7,327157.69756404945,4689735.514671782,19.0,T
1644336985999984413,129,1644336985999347448,,42.34068666666667,-71.09820833333333,8.7,327157.69756404945,4689735.514671782,19.0,T
1644336987006678848,130,1644336987006238937,,42.34068666666667,-71.09820833333333,8.7,327157.69756404945,4689735.514671782,19.0,T
1644336987989050131,131,1644336987988668680,,42.34068666666667,-71.09820833333333,8.7,327157.69756404945,4689735.514671782,19.0,T
1644336989006887462,132,1644336989006457567,,42.34068666666667,-71.09820833333333,8.7,327157.69756404945,4689735.514671782,19.0,T
1644336989990431643,133,1644336989989928483,,42.34068666666667,-71.09820833333333,8.7,327157.69756404945,4689735.514671782,19.0,T
1644336991007762955,134,1644336991007334470,,42.34068666666667,-71.09820833333333,8.7,327157.69756404945,4689735.514671782,19.0,T
1644336992009275221,135,1644336992008845806,,42.34068666666667,-71.09820833333333,8.7,327157.69756404945,4689735.514671782,19.0,T
1644336992992150591,136,1644336992991724491,,42.34068666666667,-71.09820833333333,8.6,327157.69756404945,4689735.514671782,19.0,T
1644336994009320516,137,1644336994008892774,,42.34068666666667,-71.09820833333333,8.6,327157.69756404945,4689735.514671782,19.0,T
1644336995009936389,138,1644336995009494066,,42.34068666666667,-71.09820833333333,8.6,327157.69756404945,4689735.514671782,19.0,T
1644336995993643409,139,1644336995993265390,,42.34068666666667,-71.09820833333333,8.6,327157.69756404945,4689735.514671782,19.0,T
1644336996994116447,140,1644336996993616342,,42.34068666666667,-71.09820833333333,8.6,327157.69756404945,4689735.514671782,19.0,T
1644336997994031808,141,1644336997993641614,,42.34068666666667,-71.09820833333333,8.6,327157.69756404945,4689735.514671782,19.0,T
1644336998997109401,142,1644336998996719837,,42.34068666666667,-71.09820833333333,8.6,327157.69756404945,4689735.514671782,19.0,T
1644337000013585803,143,1644337000012890577,,42.34068666666667,-71.09820833333333,8.6,327157.69756404945,4689735.514671782,19.0,T
1644337000995821869,144,1644337000995315551,,42.34068666666667,-71.09820833333333,8.6,327157.69756404945,4689735.514671782,19.0,T
1644337001995522282,145,1644337001995079755,,42.34068666666667,-71.09820833333333,8.6,327157.69756404945,4689735.514671782,19.0,T
1644337002997370702,146,1644337002996936082,,42.34068666666667,-71.09820833333333,8.6,327157.69756404945,4689735.514671782,19.0,T
1644337003996484563,147,1644337003996039390,,42.34068666666667,-71.09820833333333,8.6,327157.69756404945,4689735.514671782,19.0,T
1644337004998419904,148,1644337004997892856,,42.34068666666667,-71.09820833333333,8.6,327157.69756404945,4689735.514671782,19.0,T
1644337005992291142,149,1644337005991863727,,42.34068666666667,-71.09820833333333,8.6,327157.69756404945,4689735.514671782,19.0,T
1644337006999799131,150,1644337006999092340,,42.34068666666667,-71.09820833333333,8.6,327157.69756404945,4689735.514671782,19.0,T
1644337008000444494,151,1644337007999634742,,42.34068666666667,-71.09820833333333,8.6,327157.69756404945,4689735.514671782,19.0,T
1644337008999101418,152,1644337008998672246,,42.34068666666667,-71.09820833333333,8.6,327157.69756404945,4689735.514671782,19.0,T
1644337009994228683,153,1644337009993801116,,42.34068666666667,-71.09820833333333,8.6,327157.69756404945,4689735.514671782,19.0,T
1644337011002055328,154,1644337011001579761,,42.34068666666667,-71.09820833333333,8.6,327157.69756404945,4689735.514671782,19.0,T
1644337012000057243,155,1644337011999629974,,42.34068666666667,-71.09820833333333,8.6,327157.69756404945,4689735.514671782,19.0,T
1644337013002195232,156,1644337013001777410,,42.34068666666667,-71.09820833333333,8.6,327157.69756404945,4689735.514671782,19.0,T
1644337014002294378,157,1644337014001917600,,42.34068666666667,-71.09820833333333,8.6,327157.69756404945,4689735.514671782,19.0,T
1644337015002948039,158,1644337015002497434,,42.34068666666667,-71.09820833333333,8.6,327157.69756404945,4689735.514671782,19.0,T
1644337016004138962,159,1644337016003351449,,42.34068833333333,-71.09820833333333,8.6,327157.7021309458,4689735.699742613,19.0,T
1644337017005237143,160,1644337017004780530,,42.34068833333333,-71.09820833333333,8.6,327157.7021309458,4689735.699742613,19.0,T
1644337017998448899,161,1644337017997995376,,42.34068833333333,-71.09820833333333,8.6,327157.7021309458,4689735.699742613,19.0,T
1644337019004694363,162,1644337019004109859,,42.34068833333333,-71.09820833333333,8.6,327157.7021309458,4689735.699742613,19.0,T
1644337020005318446,163,1644337020004817724,,42.34068833333333,-71.09820833333333,8.6,327157.7021309458,4689735.699742613,19.0,T
1644337021006566204,164,1644337021005985975,,42.34068833333333,-71.09820833333333,8.5,327157.7021309458,4689735.699742613,19.0,T
1644337022001655461,165,1644337022001016378,,42.34068833333333,-71.09820833333333,8.5,327157.7021309458,4689735.699742613,19.0,T
1644337023008937790,166,1644337023008110046,,42.34068833333333,-71.09820833333333,8.5,327157.7021309458,4689735.699742613,19.0,T
1644337024017616674,167,1644337024017240762,,42.34068833333333,-71.09820833333333,8.5,327157.7021309458,4689735.699742613,19.0,T
1644337025024246345,168,1644337025023813486,,42.34068833333333,-71.09820833333333,8.5,327157.7021309458,4689735.699742613,19.0,T
1644337026026525684,169,1644337026025716543,,42.34068833333333,-71.09820833333333,8.5,327157.7021309458,4689735.699742613,19.0,T
1644337027026968640,170,1644337027026393651,,42.34068833333333,-71.09820833333333,8.5,327157.7021309458,4689735.699742613,19.0,T
1644337028025895986,171,1644337028025435924,,42.34068833333333,-71.09820833333333,8.5,327157.7021309458,4689735.699742613,19.0,T
1644337029028022458,172,1644337029027431726,,42.34068833333333,-71.09820833333333,8.5,327157.7021309458,4689735.699742613,19.0,T
1644337030026906658,173,1644337030026470422,,42.34068833333333,-71.09820833333333,8.5,327157.7021309458,4689735.699742613,19.0,T
1644337031010264204,174,1644337031009768962,,42.34068833333333,-71.09820833333333,8.5,327157.7021309458,4689735.699742613,19.0,T
1644337032012454941,175,1644337032011931180,,42.34068833333333,-71.09820833333333,8.5,327157.7021309458,4689735.699742613,19.0,T
1644337033011406695,176,1644337033010957479,,42.34068833333333,-71.09820833333333,8.5,327157.7021309458,4689735.699742613,19.0,T
1644337034022859636,177,1644337034022362947,,42.34068833333333,-71.09820833333333,8.5,327157.7021309458,4689735.699742613,19.0,T
1644337035030753940,178,1644337035030309677,,42.34068833333333,-71.09820833333333,8.5,327157.7021309458,4689735.699742613,19.0,T
1644337036030983956,179,1644337036030466794,,42.34068833333333,-71.09820833333333,8.5,327157.7021309458,4689735.699742613,19.0,T
1644337037030759189,180,1644337037030168533,,42.34068833333333,-71.09820833333333,8.5,327157.7021309458,4689735.699742613,19.0,T
1644337038029798380,181,1644337038029423952,,42.34068833333333,-71.09820833333333,8.5,327157.7021309458,4689735.699742613,19.0,T
1644337039031890206,182,1644337039031466007,,42.34068833333333,-71.09820833333333,8.5,327157.7021309458,4689735.699742613,19.0,T
1644337040009591510,183,1644337040009160518,,42.34068833333333,-71.09820833333333,8.5,327157.7021309458,4689735.699742613,19.0,T
1644337041029511507,184,1644337041028953313,,42.34068833333333,-71.09820833333333,8.5,327157.7021309458,4689735.699742613,19.0,T
1644337042035403826,185,1644337042034349918,,42.34068833333333,-71.09820833333333,8.4,327157.7021309458,4689735.699742613,19.0,T
1644337043018641619,186,1644337043017796039,,42.34068833333333,-71.09820833333333,8.4,327157.7021309458,4689735.699742613,19.0,T
1644337044017410595,187,1644337044016896486,,42.34068833333333,-71.09820833333333,8.4,327157.7021309458,4689735.699742613,19.0,T
1644337045034938126,188,1644337045034491062,,42.34068833333333,-71.09820833333333,8.4,327157.7021309458,4689735.699742613,19.0,T
1644337046035593799,189,1644337046035151720,,42.34068833333333,-71.09820833333333,8.4,327157.7021309458,4689735.699742613,19.0,T
1644337047021358783,190,1644337047020924568,,42.34068833333333,-71.09820833333333,8.4,327157.7021309458,4689735.699742613,19.0,T
1644337048014181687,191,1644337048013755559,,42.34068833333333,-71.09820833333333,8.4,327157.7021309458,4689735.699742613,19.0,T
1644337049019847250,192,1644337049019408941,,42.34068833333333,-71.09820833333333,8.4,327157.7021309458,4689735.699742613,19.0,T
1644337050036759694,193,1644337050036326885,,42.34068833333333,-71.09820833333333,8.4,327157.7021309458,4689735.699742613,19.0,T
1644337051020752511,194,1644337051020419597,,42.34068833333333,-71.09820833333333,8.4,327157.7021309458,4689735.699742613,19.0,T
1644337052022648288,195,1644337052021842718,,42.34068833333333,-71.09821,8.4,327157.5648315931,4689735.703130679,19.0,T
1644337053015511870,196,1644337053015124082,,42.34068833333333,-71.09821,8.4,327157.5648315931,4689735.703130679,19.0,T
1644337054016420702,197,1644337054016077518,,42.34068833333333,-71.09821,8.4,327157.5648315931,4689735.703130679,19.0,T
1644337055023476162,198,1644337055022791385,,42.34068833333333,-71.09821,8.4,327157.5648315931,4689735.703130679,19.0,T
1644337056022116503,199,1644337056021637678,,42.34068833333333,-71.09821,8.4,327157.5648315931,4689735.703130679,19.0,T
1644337057023541621,200,1644337057022969484,,42.34068833333333,-71.09821,8.4,327157.5648315931,4689735.703130679,19.0,T
1644337058023416443,201,1644337058022978544,,42.34068833333333,-71.09821,8.4,327157.5648315931,4689735.703130679,19.0,T
1644337059020309136,202,1644337059019868135,,42.34068833333333,-71.09821,8.4,327157.5648315931,4689735.703130679,19.0,T
1644337060025646617,203,1644337060025160789,,42.34068833333333,-71.09821,8.3,327157.5648315931,4689735.703130679,19.0,T
1644337061024812360,204,1644337061024368286,,42.34068833333333,-71.09820833333333,8.3,327157.7021309458,4689735.699742613,19.0,T
1644337062025334324,205,1644337062024939060,,42.34068833333333,-71.09820833333333,8.3,327157.7021309458,4689735.699742613,19.0,T
1644337063026030989,206,1644337063025588989,,42.34068833333333,-71.09820833333333,8.3,327157.7021309458,4689735.699742613,19.0,T
1644337064020605275,207,1644337064020167827,,42.34068833333333,-71.09820833333333,8.3,327157.7021309458,4689735.699742613,19.0,T
1644337065027926020,208,1644337065027451276,,42.34068833333333,-71.09820833333333,8.3,327157.7021309458,4689735.699742613,19.0,T
1644337066027323542,209,1644337066026881456,,42.34068833333333,-71.09820833333333,8.3,327157.7021309458,4689735.699742613,19.0,T
1644337067028175894,210,1644337067027599573,,42.34068833333333,-71.09820833333333,8.3,327157.7021309458,4689735.699742613,19.0,T
1644337068028402273,211,1644337068027962207,,42.34068833333333,-71.09820833333333,8.3,327157.7021309458,4689735.699742613,19.0,T
1644337069028932999,212,1644337069028497219,,42.34068833333333,-71.09820833333333,8.3,327157.7021309458,4689735.699742613,19.0,T
1644337070029214211,213,1644337070028726339,,42.34068833333333,-71.09820833333333,8.3,327157.7021309458,4689735.699742613,19.0,T
1644337071030926592,214,1644337071030313491,,42.34068833333333,-71.09820833333333,8.3,327157.7021309458,4689735.699742613,19.0,T
1644337072024538143,215,1644337072024098873,,42.34068833333333,-71.09820833333333,8.3,327157.7021309458,4689735.699742613,19.0,T
1644337073031060514,216,1644337073030621290,,42.34068833333333,-71.09820833333333,8.3,327157.7021309458,4689735.699742613,19.0,T
1644337074047323429,217,1644337074046886205,,42.34068833333333,-71.09820833333333,8.3,327157.7021309458,4689735.699742613,19.0,T
1644337075048311421,218,1644337075047761678,,42.34068833333333,-71.09820833333333,8.2,327157.7021309458,4689735.699742613,19.0,T
1644337076048405837,219,1644337076047961950,,42.34068833333333,-71.09820833333333,8.2,327157.7021309458,4689735.699742613,19.0,T
1644337077049628229,220,1644337077049187898,,42.34068833333333,-71.09820833333333,8.2,327157.7021309458,4689735.699742613,19.0,T
1644337078049518700,221,1644337078049078464,,42.34068833333333,-71.09820833333333,8.2,327157.7021309458,4689735.699742613,19.0,T
1644337079035100077,222,1644337079034663438,,42.34068833333333,-71.09820833333333,8.2,327157.7021309458,4689735.699742613,19.0,T
1644337080049992760,223,1644337080049570560,,42.34068833333333,-71.09820833333333,8.2,327157.7021309458,4689735.699742613,19.0,T
1644337081051558221,224,1644337081051230430,,42.34068833333333,-71.09820833333333,8.2,327157.7021309458,4689735.699742613,19.0,T
1644337082028335440,225,1644337082027900457,,42.34068833333333,-71.09820833333333,8.2,327157.7021309458,4689735.699742613,19.0,T
1644337083030936368,226,1644337083030504465,,42.34068833333333,-71.09820833333333,8.2,327157.7021309458,4689735.699742613,19.0,T
1644337084036126032,227,1644337084035733938,,42.34068833333333,-71.09820833333333,8.2,327157.7021309458,4689735.699742613,19.0,T
1644337085052546381,228,1644337085052158832,,42.34068833333333,-71.09820833333333,8.2,327157.7021309458,4689735.699742613,19.0,T
1644337086054579281,229,1644337086054013013,,42.34068833333333,-71.09820833333333,8.2,327157.7021309458,4689735.699742613,19.0,T
1644337087056013518,230,1644337087055373907,,42.34068833333333,-71.09820833333333,8.2,327157.7021309458,4689735.699742613,19.0,T
1644337088049425196,231,1644337088048904180,,42.34068833333333,-71.09820833333333,8.2,327157.7021309458,4689735.699742613,19.0,T
1644337089051472857,232,1644337089051012516,,42.34068833333333,-71.09820833333333,8.2,327157.7021309458,4689735.699742613,19.0,T
1644337090057723569,233,1644337090056827306,,42.34068833333333,-71.09820833333333,8.2,327157.7021309458,4689735.699742613,19.0,T
1644337091040745896,234,1644337091040220975,,42.34068833333333,-71.09820833333333,8.2,327157.7021309458,4689735.699742613,19.0,T
1644337092058298870,235,1644337092057744026,,42.34068833333333,-71.09820833333333,8.2,327157.7021309458,4689735.699742613,19.0,T
1644337093057537204,236,1644337093057147741,,42.34068833333333,-71.09820833333333,8.2,327157.7021309458,4689735.699742613,19.0,T
1644337094041247240,237,1644337094040808200,,42.34068833333333,-71.09820833333333,8.2,327157.7021309458,4689735.699742613,19.0,T
1644337095042711167,238,1644337095042273521,,42.34068833333333,-71.09820833333333,8.2,327157.7021309458,4689735.699742613,19.0,T
1644337096058937276,239,1644337096058497428,,42.34068833333333,-71.09820833333333,8.2,327157.7021309458,4689735.699742613,19.0,T
1644337097059635535,240,1644337097059189319,,42.34068833333333,-71.09820833333333,8.1,327157.7021309458,4689735.699742613,19.0,T
1644337098044001080,241,1644337098043610572,,42.34068833333333,-71.09820833333333,8.1,327157.7021309458,4689735.699742613,19.0,T
1644337099046138082,242,1644337099045359611,,42.34068833333333,-71.09820833333333,8.1,327157.7021309458,4689735.699742613,19.0,T
1644337100044702014,243,1644337100044266939,,42.34068833333333,-71.09820833333333,8.1,327157.7021309458,4689735.699742613,19.0,T
1644337101062115058,244,1644337101061592102,,42.34068833333333,-71.09820833333333,8.1,327157.7021309458,4689735.699742613,19.0,T
1644337102039632092,245,1644337102039244651,,42.34068833333333,-71.09820833333333,8.1,327157.7021309458,4689735.699742613,19.0,T
1644337103047587440,246,1644337103046877622,,42.34068833333333,-71.09820833333333,8.1,327157.7021309458,4689735.699742613,19.0,T
1644337104045811414,247,1644337104045372724,,42.34068833333333,-71.09820833333333,8.1,327157.7021309458,4689735.699742613,19.0,T
1644337105047818039,248,1644337105047383308,,42.34068833333333,-71.09820833333333,8.1,327157.7021309458,4689735.699742613,19.0,T
1644337106047119401,249,1644337106046679496,,42.34068833333333,-71.09820833333333,8.1,327157.7021309458,4689735.699742613,19.0,T
1644337107048958112,250,1644337107048390150,,42.34068833333333,-71.09820833333333,8.1,327157.7021309458,4689735.699742613,19.0,T
1644337108048074260,251,1644337108047637701,,42.34068833333333,-71.09820833333333,8.1,327157.7021309458,4689735.699742613,19.0,T
1644337109048663204,252,1644337109048208713,,42.34068833333333,-71.09820833333333,8.1,327157.7021309458,4689735.699742613,19.0,T
1644337110049109637,253,1644337110048668146,,42.34068833333333,-71.09820833333333,8.1,327157.7021309458,4689735.699742613,19.0,T
1644337111048549965,254,1644337111047942399,,42.34068833333333,-71.09820833333333,8.1,327157.7021309458,4689735.699742613,19.0,T
1644337112043269762,255,1644337112042841434,,42.34068833333333,-71.09820833333333,8.1,327157.7021309458,4689735.699742613,19.0,T
1644337113053678023,256,1644337113053074121,,42.34068833333333,-71.09820833333333,8.1,327157.7021309458,4689735.699742613,19.0,T
1644337114045009159,257,1644337114044578552,,42.34068833333333,-71.09820833333333,8.1,327157.7021309458,4689735.699742613,19.0,T
1644337115051401669,258,1644337115050972223,,42.34068833333333,-71.09820833333333,8.1,327157.7021309458,4689735.699742613,19.0,T
1644337116052199168,259,1644337116051760911,,42.34068833333333,-71.09820833333333,8.1,327157.7021309458,4689735.699742613,19.0,T
1644337117052648611,260,1644337117052209854,,42.34068833333333,-71.09820833333333,8.1,327157.7021309458,4689735.699742613,19.0,T
1644337118048131936,261,1644337118047723770,,42.34068833333333,-71.09820833333333,8.1,327157.7021309458,4689735.699742613,19.0,T
1644337119049795402,262,1644337119049358129,,42.34068833333333,-71.09820833333333,8.1,327157.7021309458,4689735.699742613,19.0,T
1644337120048097836,263,1644337120047660827,,42.34068833333333,-71.09820833333333,8.1,327157.7021309458,4689735.699742613,19.0,T
1644337121054591108,264,1644337121054106473,,42.34068833333333,-71.09820833333333,8.1,327157.7021309458,4689735.699742613,19.0,T
1644337122055101290,265,1644337122054659128,,42.34068833333333,-71.09820833333333,8.1,327157.7021309458,4689735.699742613,19.0,T
1644337123056658946,266,1644337123056058645,,42.34068833333333,-71.09820833333333,8.1,327157.7021309458,4689735.699742613,19.0,T
1644337124056302671,267,1644337124055863857,,42.34068833333333,-71.09820833333333,8.1,327157.7021309458,4689735.699742613,19.0,T
1644337125068256928,268,1644337125067869663,,42.34068833333333,-71.09820833333333,8.0,327157.7021309458,4689735.699742613,19.0,T
1644337126073347756,269,1644337126072911262,,42.34068833333333,-71.09820833333333,8.0,327157.7021309458,4689735.699742613,19.0,T
1644337127074546986,270,1644337127074108362,,42.34068833333333,-71.09820833333333,8.0,327157.7021309458,4689735.699742613,19.0,T
1644337128076393090,271,1644337128075635433,,42.34068833333333,-71.09820833333333,8.0,327157.7021309458,4689735.699742613,19.0,T
1644337129075424681,272,1644337129074967622,,42.34068833333333,-71.09820833333333,8.0,327157.7021309458,4689735.699742613,19.0,T
1644337130055617397,273,1644337130054854154,,42.34068833333333,-71.09820833333333,8.0,327157.7021309458,4689735.699742613,19.0,T
1644337131078655177,274,1644337131078085184,,42.34068833333333,-71.09821,8.0,327157.5648315931,4689735.703130679,19.0,T
1644337132077876206,275,1644337132077490806,,42.34068833333333,-71.09821,8.0,327157.5648315931,4689735.703130679,19.0,T
1644337133062743472,276,1644337133062070608,,42.34068833333333,-71.09821,8.0,327157.5648315931,4689735.703130679,19.0,T
1644337134062485780,277,1644337134061918497,,42.34068833333333,-71.09821,8.0,327157.5648315931,4689735.703130679,19.0,T
1644337135079674662,278,1644337135079050540,,42.34068833333333,-71.09821,8.0,327157.5648315931,4689735.703130679,19.0,T
1644337136073159851,279,1644337136072675228,,42.34068833333333,-71.09821,8.0,327157.5648315931,4689735.703130679,19.0,T
1644337137079959893,280,1644337137079529523,,42.34068833333333,-71.09821,8.0,327157.5648315931,4689735.703130679,19.0,T
1644337138079853545,281,1644337138079394578,,42.34068833333333,-71.09821,8.0,327157.5648315931,4689735.703130679,19.0,T
1644337139080675738,282,1644337139080240726,,42.34068833333333,-71.09821,8.0,327157.5648315931,4689735.703130679,19.0,T
1644337140081087504,283,1644337140080639600,,42.34069,-71.09821,8.0,327157.5693984933,4689735.888201512,19.0,T
1644337141064695375,284,1644337141064256668,,42.34069,-71.09821,8.0,327157.5693984933,4689735.888201512,19.0,T
1644337142066700407,285,1644337142065876960,,42.34069,-71.09821,8.0,327157.5693984933,4689735.888201512,19.0,T
1644337143083071436,286,1644337143082641124,,42.34069,-71.09821,8.0,327157.5693984933,4689735.888201512,19.0,T
1644337144076675708,287,1644337144076135635,,42.34069,-71.09821,8.0,327157.5693984933,4689735.888201512,19.0,T
1644337145067810897,288,1644337145067059993,,42.34069,-71.09821,8.0,327157.5693984933,4689735.888201512,19.0,T
1644337146085158117,289,1644337146084511995,,42.34069,-71.09821,8.0,327157.5693984933,4689735.888201512,19.0,T
1644337147083946817,290,1644337147083510637,,42.34069,-71.09821,8.0,327157.5693984933,4689735.888201512,19.0,T
1644337148068332156,291,1644337148067901611,,42.34069,-71.09821,8.0,327157.5693984933,4689735.888201512,19.0,T
1644337149065477906,292,1644337149065031051,,42.34069,-71.09821,8.0,327157.5693984933,4689735.888201512,19.0,T
1644337150063806957,293,1644337150063385963,,42.34069,-71.09821,8.0,327157.5693984933,4689735.888201512,19.0,T
1644337151088441394,294,1644337151087797164,,42.34069,-71.09821,8.0,327157.5693984933,4689735.888201512,19.0,T
1644337152072296170,295,1644337152071731567,,42.34069,-71.09821,8.0,327157.5693984933,4689735.888201512,19.0,T
1644337153071460256,296,1644337153070815324,,42.34069,-71.09821,8.0,327157.5693984933,4689735.888201512,19.0,T
1644337154071017785,297,1644337154070587396,,42.34069,-71.09821,8.0,327157.5693984933,4689735.888201512,19.0,T
1644337155067844384,298,1644337155067232608,,42.34069,-71.09821,8.0,327157.5693984933,4689735.888201512,19.0,T
1644337156072887663,299,1644337156072509527,,42.34069,-71.09821,8.0,327157.5693984933,4689735.888201512,19.0,T
1644337157072539119,300,1644337157072113037,,42.34069,-71.09821,8.0,327157.5693984933,4689735.888201512,19.0,T
1644337158072587370,301,1644337158072152376,,42.34069,-71.09821,8.0,327157.5693984933,4689735.888201512,19.0,T
1644337159073296252,302,1644337159072813510,,42.34069,-71.09821,8.0,327157.5693984933,4689735.888201512,19.0,T
1644337160069500682,303,1644337160068629503,,42.34069,-71.09821,8.0,327157.5693984933,4689735.888201512,19.0,T
1644337161075450054,304,1644337161074941635,,42.34069,-71.09821,8.0,327157.5693984933,4689735.888201512,19.0,T
1644337162074483201,305,1644337162074059486,,42.34069,-71.09821,8.0,327157.5693984933,4689735.888201512,19.0,T
1644337163076949450,306,1644337163076139450,,42.34069,-71.09821,8.0,327157.5693984933,4689735.888201512,19.0,T
1644337164075595341,307,1644337164075164079,,42.34069,-71.09821,8.0,327157.5693984933,4689735.888201512,19.0,T
1644337165076536771,308,1644337165076108455,,42.34069,-71.09821,8.0,327157.5693984933,4689735.888201512,19.0,T
1644337166076946263,309,1644337166076515436,,42.34069,-71.09821,8.0,327157.5693984933,4689735.888201512,19.0,T
1644337167079366336,310,1644337167078879117,,42.34069,-71.09821,8.0,327157.5693984933,4689735.888201512,19.0,T
1644337168072205708,311,1644337168071769952,,42.34069,-71.09821,8.0,327157.5693984933,4689735.888201512,19.0,T
1644337169077985006,312,1644337169077545404,,42.34069,-71.09821,8.0,327157.5693984933,4689735.888201512,19.0,T
1644337170077885952,313,1644337170077443122,,42.34069,-71.09821,8.0,327157.5693984933,4689735.888201512,19.0,T
1644337171079787653,314,1644337171078902006,,42.34069,-71.09821,8.0,327157.5693984933,4689735.888201512,19.0,T
1644337172080913121,315,1644337172079992771,,42.34069,-71.09821,8.0,327157.5693984933,4689735.888201512,19.0,T
1644337173080059938,316,1644337173079628229,,42.34069,-71.09821,8.0,327157.5693984933,4689735.888201512,19.0,T
1644337174080607287,317,1644337174080189943,,42.34069,-71.09821,8.0,327157.5693984933,4689735.888201512,19.0,T
1644337175098052351,318,1644337175097661256,,42.34069,-71.09821,8.0,327157.5693984933,4689735.888201512,19.0,T
1644337176082338556,319,1644337176081522226,,42.34069,-71.09821,8.0,327157.5693984933,4689735.888201512,19.0,T
1644337177098542124,320,1644337177098167181,,42.34069,-71.09821,8.0,327157.5693984933,4689735.888201512,19.0,T
1644337178094641487,321,1644337178094075202,,42.34069,-71.09821,8.0,327157.5693984933,4689735.888201512,19.0,T
1644337179103187467,322,1644337179102591037,,42.34069,-71.09821,8.0,327157.5693984933,4689735.888201512,19.0,T
1644337180098940070,323,1644337180098484516,,42.34069,-71.09821,8.0,327157.5693984933,4689735.888201512,19.0,T
1644337181083742249,324,1644337181083305358,,42.34069,-71.09821,8.0,327157.5693984933,4689735.888201512,19.0,T
1644337182100899803,325,1644337182100385904,,42.34069,-71.09821,8.0,327157.5693984933,4689735.888201512,19.0,T
1644337183100706131,326,1644337183100270509,,42.34069,-71.09821,8.0,327157.5693984933,4689735.888201512,19.0,T
1644337184079652138,327,1644337184079200506,,42.34069,-71.09821,8.0,327157.5693984933,4689735.888201512,19.0,T
1644337185088198729,328,1644337185087770223,,42.34069,-71.09821,8.0,327157.5693984933,4689735.888201512,19.0,T
1644337186103283096,329,1644337186102846145,,42.34069,-71.09821,8.0,327157.5693984933,4689735.888201512,19.0,T
1644337187105269492,330,1644337187104342460,,42.34069,-71.09821,8.0,327157.5693984933,4689735.888201512,19.0,T
1644337188106803181,331,1644337188105157852,,42.34069,-71.09821,8.0,327157.5693984933,4689735.888201512,19.0,T
1644337189104432311,332,1644337189103985548,,42.34069,-71.09821,8.0,327157.5693984933,4689735.888201512,19.0,T
1644337190105170607,333,1644337190104731559,,42.34069,-71.09821,8.0,327157.5693984933,4689735.888201512,19.0,T
1644337191106701177,334,1644337191106088638,,42.34069,-71.09821,8.0,327157.5693984933,4689735.888201512,19.0,T
1644337192084106054,335,1644337192083715677,,42.34069,-71.09821,8.0,327157.5693984933,4689735.888201512,19.0,T
1644337193105974032,336,1644337193105539560,,42.34069,-71.09821,8.0,327157.5693984933,4689735.888201512,19.0,T
1644337194107032452,337,1644337194106590032,,42.34069,-71.09821,8.0,327157.5693984933,4689735.888201512,19.0,T
1644337195090995081,338,1644337195090564966,,42.34069,-71.09821,8.0,327157.5693984933,4689735.888201512,19.0,T
1644337196109688138,339,1644337196109108209,,42.34069,-71.09821,8.0,327157.5693984933,4689735.888201512,19.0,T
1644337197093581654,340,1644337197093144655,,42.34069,-71.09821,8.0,327157.5693984933,4689735.888201512,19.0,T
1644337198109825854,341,1644337198109188556,,42.34069,-71.09821,8.0,327157.5693984933,4689735.888201512,19.0,T
1644337199094005492,342,1644337199093545198,,42.34069,-71.09821,8.0,327157.5693984933,4689735.888201512,19.0,T
1644337200093866576,343,1644337200093420982,,42.34069,-71.09821,8.0,327157.5693984933,4689735.888201512,19.0,T
1644337201095890319,344,1644337201095062255,,42.34069,-71.09821,8.0,327157.5693984933,4689735.888201512,19.0,T
1644337202111169445,345,1644337202110728502,,42.34069,-71.09821,8.0,327157.5693984933,4689735.888201512,19.0,T
1644337203096619755,346,1644337203096180200,,42.34069,-71.09821,8.0,327157.5693984933,4689735.888201512,19.0,T
1644337204096065431,347,1644337204095624923,,42.34069,-71.09821,8.0,327157.5693984933,4689735.888201512,19.0,T
1644337205097019690,348,1644337205096287727,,42.34069,-71.09821,8.0,327157.5693984933,4689735.888201512,19.0,T
1644337206095645452,349,1644337206095208883,,42.34069,-71.09821,8.0,327157.5693984933,4689735.888201512,19.0,T
1644337207096925062,350,1644337207096487283,,42.34069,-71.09821,8.0,327157.5693984933,4689735.888201512,19.0,T
1644337208096408533,351,1644337208096019983,,42.34069,-71.09821,8.0,327157.5693984933,4689735.888201512,19.0,T
1644337209100906398,352,1644337209100159168,,42.34069,-71.09821,8.0,327157.5693984933,4689735.888201512,19.0,T
1644337210098232172,353,1644337210097795486,,42.34069,-71.09821,8.0,327157.5693984933,4689735.888201512,19.0,T
1644337211098922550,354,1644337211098485469,,42.34069,-71.09821,8.0,327157.5693984933,4689735.888201512,19.0,T
1644337212099154460,355,1644337212098714828,,42.340691666666665,-71.09821,8.0,327157.5739653935,4689736.073272346,19.0,T
1644337213100937844,356,1644337213100548267,,42.340691666666665,-71.09821,8.0,327157.5739653935,4689736.073272346,19.0,T
1644337214100349767,357,1644337214099905490,,42.340691666666665,-71.09821,8.0,327157.5739653935,4689736.073272346,19.0,T
1644337215101553499,358,1644337215101109504,,42.340691666666665,-71.09821,8.0,327157.5739653935,4689736.073272346,19.0,T
1644337216094812219,359,1644337216094340562,,42.340691666666665,-71.09821,8.0,327157.5739653935,4689736.073272346,19.0,T
1644337217101953726,360,1644337217101534366,,42.340691666666665,-71.09821,8.0,327157.5739653935,4689736.073272346,19.0,T
1644337218102592225,361,1644337218102150201,,42.340691666666665,-71.09821,8.0,327157.5739653935,4689736.073272346,19.0,T
1644337219102830552,362,1644337219102395296,,42.340691666666665,-71.09821,8.0,327157.5739653935,4689736.073272346,19.0,T
1644337220105366187,363,1644337220104293823,,42.340691666666665,-71.09821,8.0,327157.5739653935,4689736.073272346,19.0,T
1644337221105939677,364,1644337221104990959,,42.340691666666665,-71.09821,8.0,327157.5739653935,4689736.073272346,19.0,T
1644337222104279372,365,1644337222103585481,,42.340691666666665,-71.09821,8.0,327157.5739653935,4689736.073272346,19.0,T
1644337223104936583,366,1644337223104380369,,42.340691666666665,-71.09821,8.0,327157.5739653935,4689736.073272346,19.0,T
1644337224108407524,367,1644337224107105016,,42.340691666666665,-71.09821,8.1,327157.5739653935,4689736.073272346,19.0,T
1644337225107081205,368,1644337225106552600,,42.340691666666665,-71.09821,8.1,327157.5739653935,4689736.073272346,19.0,T
1644337226123599411,369,1644337226123012781,,42.340691666666665,-71.09821,8.1,327157.5739653935,4689736.073272346,19.0,T
1644337227123060894,370,1644337227122619867,,42.340691666666665,-71.09821,8.1,327157.5739653935,4689736.073272346,19.0,T
1644337228123282855,371,1644337228122898578,,42.340691666666665,-71.09821,8.1,327157.5739653935,4689736.073272346,19.0,T
1644337229124000901,372,1644337229123569011,,42.340691666666665,-71.09821,8.1,327157.5739653935,4689736.073272346,19.0,T
1644337230126231170,373,1644337230125392198,,42.340691666666665,-71.09821,8.1,327157.5739653935,4689736.073272346,19.0,T
1644337231109691853,374,1644337231109377622,,42.340691666666665,-71.09821,8.1,327157.5739653935,4689736.073272346,19.0,T
1644337232119712549,375,1644337232119275331,,42.340691666666665,-71.09821,8.1,327157.5739653935,4689736.073272346,19.0,T
1644337233127951490,376,1644337233127513170,,42.340691666666665,-71.09821,8.1,327157.5739653935,4689736.073272346,19.0,T
1644337234111038554,377,1644337234110707521,,42.340691666666665,-71.09821,8.1,327157.5739653935,4689736.073272346,19.0,T
1644337235111237726,378,1644337235110797643,,42.340691666666665,-71.09821,8.1,327157.5739653935,4689736.073272346,19.0,T
1644337236111252125,379,1644337236110810279,,42.340691666666665,-71.09821,8.1,327157.5739653935,4689736.073272346,19.0,T
1644337237129358188,380,1644337237128922462,,42.340691666666665,-71.09821,8.1,327157.5739653935,4689736.073272346,19.0,T
1644337238128487331,381,1644337238128047466,,42.340691666666665,-71.09821,8.1,327157.5739653935,4689736.073272346,19.0,T
1644337239135722908,382,1644337239135380268,,42.340691666666665,-71.09821,8.1,327157.5739653935,4689736.073272346,19.0,T
1644337240124464785,383,1644337240123958349,,42.340691666666665,-71.09821,8.1,327157.5739653935,4689736.073272346,19.0,T
1644337241130290422,384,1644337241129853725,,42.340691666666665,-71.09821,8.1,327157.5739653935,4689736.073272346,19.0,T
1644337242131330822,385,1644337242130739927,,42.340691666666665,-71.09821,8.1,327157.5739653935,4689736.073272346,19.0,T
1644337243115160857,386,1644337243114726305,,42.340691666666665,-71.09821,8.1,327157.5739653935,4689736.073272346,19.0,T
1644337244132675818,387,1644337244131832838,,42.340691666666665,-71.09821,8.1,327157.5739653935,4689736.073272346,19.0,T
1644337245133102653,388,1644337245132663726,,42.340691666666665,-71.09821,8.1,327157.5739653935,4689736.073272346,19.0,T
1644337246110862910,389,1644337246110416412,,42.340691666666665,-71.09821,8.1,327157.5739653935,4689736.073272346,19.0,T
1644337247133655865,390,1644337247133199691,,42.340691666666665,-71.09821,8.1,327157.5739653935,4689736.073272346,19.0,T
1644337248134587880,391,1644337248134147167,,42.340691666666665,-71.09821,8.1,327157.5739653935,4689736.073272346,19.0,T
1644337249118170856,392,1644337249117577552,,42.340691666666665,-71.09821,8.1,327157.5739653935,4689736.073272346,19.0,T
1644337250113214082,393,1644337250112775325,,42.340691666666665,-71.09821,8.1,327157.5739653935,4689736.073272346,19.0,T
1644337251120346601,394,1644337251119901418,,42.340691666666665,-71.09821,8.1,327157.5739653935,4689736.073272346,19.0,T
1644337252130505616,395,1644337252130013465,,42.340691666666665,-71.09821,8.1,327157.5739653935,4689736.073272346,19.0,T
1644337253119746563,396,1644337253119310140,,42.340691666666665,-71.09821,8.1,327157.5739653935,4689736.073272346,19.0,T
1644337254121243873,397,1644337254120796680,,42.340691666666665,-71.09821,8.1,327157.5739653935,4689736.073272346,19.0,T
1644337255121740147,398,1644337255121299266,,42.340691666666665,-71.09821,8.1,327157.5739653935,4689736.073272346,19.0,T
1644337256115330094,399,1644337256114891290,,42.340691666666665,-71.09821,8.1,327157.5739653935,4689736.073272346,19.0,T
1644337257122401967,400,1644337257121966600,,42.340691666666665,-71.09821,8.1,327157.5739653935,4689736.073272346,19.0,T
1644337258116131946,401,1644337258115703344,,42.340691666666665,-71.09821,8.1,327157.5739653935,4689736.073272346,19.0,T
1644337259122986077,402,1644337259122561693,,42.340691666666665,-71.09821,8.1,327157.5739653935,4689736.073272346,19.0,T
1644337260123245747,403,1644337260122819662,,42.340693333333334,-71.09821,8.1,327157.578532294,4689736.258343176,19.0,T
1644337261123896665,404,1644337261123470783,,42.340693333333334,-71.09821,8.1,327157.578532294,4689736.258343176,19.0,T
1644337262124330609,405,1644337262123906373,,42.340693333333334,-71.09821,8.1,327157.578532294,4689736.258343176,19.0,T
1644337263125805072,406,1644337263125216960,,42.340693333333334,-71.09821,8.1,327157.578532294,4689736.258343176,19.0,T
1644337264119208903,407,1644337264118778944,,42.340693333333334,-71.09821,8.1,327157.578532294,4689736.258343176,19.0,T
1644337265125896364,408,1644337265125455856,,42.340693333333334,-71.09821,8.1,327157.578532294,4689736.258343176,19.0,T
1644337266126328852,409,1644337266125903844,,42.340693333333334,-71.09821,8.1,327157.578532294,4689736.258343176,19.0,T
1644337267128319513,410,1644337267127434015,,42.340693333333334,-71.09821,8.1,327157.578532294,4689736.258343176,19.0,T
1644337268128880947,411,1644337268127855539,,42.340693333333334,-71.09821,8.1,327157.578532294,4689736.258343176,19.0,T
1644337269131081194,412,1644337269130155801,,42.340693333333334,-71.09821,8.1,327157.578532294,4689736.258343176,19.0,T
1644337270129728280,413,1644337270128998517,,42.340693333333334,-71.09821,8.1,327157.578532294,4689736.258343176,19.0,T
1644337271129050758,414,1644337271128657341,,42.340693333333334,-71.09821,8.1,327157.578532294,4689736.258343176,19.0,T
1644337272129294435,415,1644337272128852844,,42.340693333333334,-71.09821,8.1,327157.578532294,4689736.258343176,19.0,T
1644337273131612267,416,1644337273130503892,,42.340693333333334,-71.09821,8.1,327157.578532294,4689736.258343176,19.0,T
1644337274124680805,417,1644337274124240636,,42.340693333333334,-71.09821,8.1,327157.578532294,4689736.258343176,19.0,T
1644337275132757997,418,1644337275132366180,,42.340693333333334,-71.09821,8.1,327157.578532294,4689736.258343176,19.0,T
1644337276147229983,419,1644337276146788597,,42.340693333333334,-71.09821,8.1,327157.578532294,4689736.258343176,19.0,T
1644337277147875569,420,1644337277147440195,,42.340693333333334,-71.09821,8.1,327157.578532294,4689736.258343176,19.0,T
1644337278149979239,421,1644337278149507045,,42.340693333333334,-71.09821,8.1,327157.578532294,4689736.258343176,19.0,T
1644337279148704962,422,1644337279148327350,,42.340693333333334,-71.09821,8.1,327157.578532294,4689736.258343176,19.0,T
1644337280143871260,423,1644337280143434286,,42.340693333333334,-71.09821,8.1,327157.578532294,4689736.258343176,19.0,T
1644337281134911907,424,1644337281134490013,,42.340693333333334,-71.09821,8.1,327157.578532294,4689736.258343176,19.0,T
1644337282150720097,425,1644337282150281667,,42.340693333333334,-71.09821,8.1,327157.578532294,4689736.258343176,19.0,T
1644337283151014535,426,1644337283150581836,,42.340693333333334,-71.09821,8.1,327157.578532294,4689736.258343176,19.0,T
1644337284135344368,427,1644337284134918212,,42.340693333333334,-71.09821,8.1,327157.578532294,4689736.258343176,19.0,T
1644337285135773712,428,1644337285135343313,,42.340693333333334,-71.09821,8.1,327157.578532294,4689736.258343176,19.0,T
1644337286135804718,429,1644337286135378837,,42.340693333333334,-71.09821,8.1,327157.578532294,4689736.258343176,19.0,T
1644337287153753835,430,1644337287153332948,,42.340693333333334,-71.09821,8.1,327157.578532294,4689736.258343176,19.0,T
1644337288147810035,431,1644337288147375345,,42.340693333333334,-71.09821,8.1,327157.578532294,4689736.258343176,19.0,T
1644337289155808585,432,1644337289155251026,,42.340693333333334,-71.09821,8.1,327157.578532294,4689736.258343176,19.0,T
1644337290156350012,433,1644337290155607461,,42.340693333333334,-71.09821,8.1,327157.578532294,4689736.258343176,19.0,T
1644337291155927005,434,1644337291155499696,,42.340693333333334,-71.09821,8.1,327157.578532294,4689736.258343176,19.0,T
1644337292139292031,435,1644337292138865232,,42.340693333333334,-71.09821,8.1,327157.578532294,4689736.258343176,19.0,T
1644337293142455684,436,1644337293141815662,,42.340693333333334,-71.09821,8.1,327157.578532294,4689736.258343176,19.0,T
1644337294152454306,437,1644337294152073621,,42.340693333333334,-71.09821,8.1,327157.578532294,4689736.258343176,19.0,T
1644337295157582627,438,1644337295157167196,,42.340693333333334,-71.09821,8.1,327157.578532294,4689736.258343176,19.0,T
1644337296159377285,439,1644337296158938646,,42.340693333333334,-71.09821,8.1,327157.578532294,4689736.258343176,19.0,T
1644337297141708340,440,1644337297141283035,,42.340693333333334,-71.09821,8.1,327157.578532294,4689736.258343176,19.0,T
1644337298142639010,441,1644337298142215013,,42.340693333333334,-71.09821,8.1,327157.578532294,4689736.258343176,19.0,T
1644337299155596301,442,1644337299155108690,,42.340693333333334,-71.09821,8.1,327157.578532294,4689736.258343176,19.0,T
1644337300159394203,443,1644337300158952236,,42.340693333333334,-71.09821,8.1,327157.578532294,4689736.258343176,19.0,T
1644337301144362395,444,1644337301143957614,,42.340693333333334,-71.09821,8.2,327157.578532294,4689736.258343176,19.0,T
1644337302144655979,445,1644337302144105434,,42.340693333333334,-71.09821,8.2,327157.578532294,4689736.258343176,19.0,T
1644337303146747549,446,1644337303146260499,,42.340693333333334,-71.09821,8.2,327157.578532294,4689736.258343176,19.0,T
1644337304145420864,447,1644337304144991636,,42.340693333333334,-71.09821,8.2,327157.578532294,4689736.258343176,19.0,T
1644337305163409504,448,1644337305163038969,,42.340693333333334,-71.09821,8.2,327157.578532294,4689736.258343176,19.0,T
1644337306141126589,449,1644337306140700340,,42.340693333333334,-71.09821,8.2,327157.578532294,4689736.258343176,19.0,T
1644337307147374968,450,1644337307146946907,,42.340693333333334,-71.09821,8.2,327157.578532294,4689736.258343176,19.0,T
1644337308149076976,451,1644337308148066997,,42.340693333333334,-71.09821,8.2,327157.578532294,4689736.258343176,19.0,T
1644337309147428115,452,1644337309146998882,,42.340693333333334,-71.09821,8.2,327157.578532294,4689736.258343176,19.0,T
1644337310143249009,453,1644337310142826080,,42.340693333333334,-71.09821,8.2,327157.578532294,4689736.258343176,19.0,T
1644337311150969759,454,1644337311150409936,,42.340693333333334,-71.09821,8.2,327157.578532294,4689736.258343176,19.0,T
1644337312149005456,455,1644337312148583412,,42.340693333333334,-71.09821,8.2,327157.578532294,4689736.258343176,19.0,T
1644337313150477870,456,1644337313150048494,,42.340693333333334,-71.09821,8.2,327157.578532294,4689736.258343176,19.0,T
1644337314151334828,457,1644337314150709390,,42.340693333333334,-71.09821,8.2,327157.578532294,4689736.258343176,19.0,T
1644337315150904397,458,1644337315150479555,,42.340693333333334,-71.09821,8.2,327157.578532294,4689736.258343176,19.0,T
1644337316151325892,459,1644337316150899887,,42.340693333333334,-71.09821,8.2,327157.578532294,4689736.258343176,19.0,T
1644337317152100199,460,1644337317151668548,,42.340693333333334,-71.09821,8.1,327157.578532294,4689736.258343176,19.0,T
1644337318152837106,461,1644337318152260541,,42.340693333333334,-71.09821,8.1,327157.578532294,4689736.258343176,19.0,T
1644337319153061824,462,1644337319152637720,,42.340693333333334,-71.09821,8.1,327157.578532294,4689736.258343176,19.0,T
1644337320153749723,463,1644337320153252124,,42.340693333333334,-71.09821,8.1,327157.578532294,4689736.258343176,19.0,T
1644337321153785072,464,1644337321153409004,,42.340693333333334,-71.09821,8.1,327157.578532294,4689736.258343176,19.0,T
1644337322148919763,465,1644337322148477554,,42.340693333333334,-71.09821,8.1,327157.578532294,4689736.258343176,19.0,T
1644337323156159388,466,1644337323155779600,,42.340693333333334,-71.09821,8.1,327157.578532294,4689736.258343176,19.0,T
1644337324155586947,467,1644337324155259847,,42.340693333333334,-71.09821,8.1,327157.578532294,4689736.258343176,19.0,T
1644337325156030786,468,1644337325155601263,,42.340693333333334,-71.09821,8.1,327157.578532294,4689736.258343176,19.0,T
1644337326156376123,469,1644337326155948638,,42.340693333333334,-71.09821,8.1,327157.578532294,4689736.258343176,19.0,T
1644337327171654280,470,1644337327171217441,,42.340693333333334,-71.09821,8.1,327157.578532294,4689736.258343176,19.0,T
1644337328173330184,471,1644337328172767400,,42.340693333333334,-71.09821,8.1,327157.578532294,4689736.258343176,19.0,T
1644337329168646231,472,1644337329168211221,,42.340693333333334,-71.09821,8.1,327157.578532294,4689736.258343176,19.0,T
1644337330174525601,473,1644337330174092292,,42.340693333333334,-71.09821,8.1,327157.578532294,4689736.258343176,19.0,T
1644337331176594306,474,1644337331176161050,,42.340693333333334,-71.09821,8.1,327157.578532294,4689736.258343176,19.0,T
1644337332159593534,475,1644337332159157991,,42.340693333333334,-71.09821,8.1,327157.578532294,4689736.258343176,19.0,T
1644337333177448045,476,1644337333176815986,,42.340693333333334,-71.09821,8.1,327157.578532294,4689736.258343176,19.0,T
1644337334176854028,477,1644337334176418542,,42.340693333333334,-71.09821,8.1,327157.578532294,4689736.258343176,19.0,T
1644337335161516874,478,1644337335161075115,,42.340693333333334,-71.09821,8.1,327157.578532294,4689736.258343176,19.0,T
1644337336156031119,479,1644337336155648469,,42.340693333333334,-71.09821,8.1,327157.578532294,4689736.258343176,19.0,T
1644337337161752655,480,1644337337161301612,,42.340693333333334,-71.09821,8.1,327157.578532294,4689736.258343176,19.0,T
1644337338178821493,481,1644337338178381919,,42.340693333333334,-71.09821,8.1,327157.578532294,4689736.258343176,19.0,T
1644337339180045480,482,1644337339179233074,,42.340693333333334,-71.09821,8.1,327157.578532294,4689736.258343176,19.0,T
1644337340179558892,483,1644337340179119825,,42.340693333333334,-71.09821,8.1,327157.578532294,4689736.258343176,19.0,T
1644337341175215353,484,1644337341174775362,,42.340693333333334,-71.09821,8.1,327157.578532294,4689736.258343176,19.0,T
1644337342176482097,485,1644337342175720214,,42.340693333333334,-71.09821,8.1,327157.578532294,4689736.258343176,19.0,T
1644337343164557879,486,1644337343164133310,,42.340693333333334,-71.09821,8.1,327157.578532294,4689736.258343176,19.0,T
1644337344182600677,487,1644337344182034730,,42.340693333333334,-71.09821,8.1,327157.578532294,4689736.258343176,19.0,T
1644337345181587961,488,1644337345181211948,,42.340693333333334,-71.09821,8.1,327157.578532294,4689736.258343176,19.0,T
1644337346177148564,489,1644337346176724433,,42.340693333333334,-71.09821,8.1,327157.578532294,4689736.258343176,19.0,T
1644337347167869958,490,1644337347167446613,,42.340693333333334,-71.09821,8.0,327157.578532294,4689736.258343176,19.0,T
1644337348167176292,491,1644337348166744947,,42.340693333333334,-71.09821,8.0,327157.578532294,4689736.258343176,19.0,T
1644337349184936207,492,1644337349184511899,,42.340693333333334,-71.09821,8.0,327157.578532294,4689736.258343176,19.0,T
1644337350185847453,493,1644337350185420036,,42.340693333333334,-71.09821,8.0,327157.578532294,4689736.258343176,19.0,T
1644337351170653854,494,1644337351169970750,,42.340693333333334,-71.09821,8.0,327157.578532294,4689736.258343176,19.0,T
1644337352165373193,495,1644337352164948463,,42.340693333333334,-71.09821,8.0,327157.578532294,4689736.258343176,19.0,T
1644337353171100842,496,1644337353170558691,,42.340693333333334,-71.09821,8.0,327157.578532294,4689736.258343176,19.0,T
1644337354164406157,497,1644337354163973093,,42.340693333333334,-71.09821,8.0,327157.578532294,4689736.258343176,19.0,T
1644337355189798897,498,1644337355189239740,,42.340693333333334,-71.09821,8.0,327157.578532294,4689736.258343176,19.0,T
1644337356171995368,499,1644337356171573877,,42.340693333333334,-71.09821,8.0,327157.578532294,4689736.258343176,19.0,T
1644337357172638438,500,1644337357172216653,,42.340693333333334,-71.09821,8.0,327157.578532294,4689736.258343176,19.0,T
1644337358167553210,501,1644337358167127132,,42.340693333333334,-71.09821,8.0,327157.578532294,4689736.258343176,19.0,T
1644337359168979276,502,1644337359168556213,,42.340693333333334,-71.09821,8.0,327157.578532294,4689736.258343176,19.0,T
1644337360167285145,503,1644337360166901826,,42.340693333333334,-71.09821,8.0,327157.578532294,4689736.258343176,19.0,T
1644337361174025155,504,1644337361173602104,,42.340693333333334,-71.09821,8.0,327157.578532294,4689736.258343176,19.0,T
1644337362174358087,505,1644337362173930406,,42.340693333333334,-71.09821,8.0,327157.578532294,4689736.258343176,19.0,T
1644337363174829469,506,1644337363174403667,,42.340693333333334,-71.09821,8.0,327157.578532294,4689736.258343176,19.0,T
1644337364175281381,507,1644337364174852371,,42.340693333333334,-71.09821,8.0,327157.578532294,4689736.258343176,19.0,T
1644337365176898979,508,1644337365176342487,,42.340693333333334,-71.09821,8.0,327157.578532294,4689736.258343176,19.0,T
1644337366176198256,509,1644337366175775051,,42.340693333333334,-71.09821,8.0,327157.578532294,4689736.258343176,19.0,T
1644337367176846337,510,1644337367176421642,,42.340693333333334,-71.09821166666667,8.0,327157.44123295427,4689736.261731245,19.0,T
1644337368177272200,511,1644337368176839590,,42.340693333333334,-71.09821166666667,8.0,327157.44123295427,4689736.261731245,19.0,T
1644337369177707975,512,1644337369177281379,,42.340693333333334,-71.09821166666667,8.0,327157.44123295427,4689736.261731245,19.0,T
1644337370172601784,513,1644337370172121763,,42.340693333333334,-71.09821166666667,8.0,327157.44123295427,4689736.261731245,19.0,T
1644337371179867229,514,1644337371179438114,,42.340693333333334,-71.09821166666667,8.0,327157.44123295427,4689736.261731245,19.0,T
1644337372179259933,515,1644337372178834438,,42.340693333333334,-71.09821166666667,8.0,327157.44123295427,4689736.261731245,19.0,T
1644337373179714275,516,1644337373179287195,,42.340693333333334,-71.09821166666667,7.9,327157.44123295427,4689736.261731245,19.0,T
1644337374180144580,517,1644337374179719686,,42.340693333333334,-71.09821166666667,7.9,327157.44123295427,4689736.261731245,19.0,T
1644337375181005198,518,1644337375180577516,,42.340693333333334,-71.09821166666667,7.9,327157.44123295427,4689736.261731245,19.0,T
1644337376175998110,519,1644337376175409555,,42.340693333333334,-71.09821166666667,7.9,327157.44123295427,4689736.261731245,19.0,T
1644337377193644627,520,1644337377193148136,,42.340693333333334,-71.09821166666667,7.9,327157.44123295427,4689736.261731245,19.0,T
1644337378199639211,521,1644337378199216365,,42.340693333333334,-71.09821166666667,7.9,327157.44123295427,4689736.261731245,19.0,T
1644337379199742428,522,1644337379199220418,,42.340693333333334,-71.09821166666667,7.9,327157.44123295427,4689736.261731245,19.0,T
1644337380200134162,523,1644337380199706792,,42.340693333333334,-71.09821166666667,7.9,327157.44123295427,4689736.261731245,19.0,T
1644337381201476411,524,1644337381200886487,,42.340693333333334,-71.09821166666667,7.9,327157.44123295427,4689736.261731245,19.0,T
1644337382184119478,525,1644337382183688402,,42.340693333333334,-71.09821166666667,7.9,327157.44123295427,4689736.261731245,19.0,T
1644337383203315432,526,1644337383202886819,,42.340693333333334,-71.09821166666667,7.9,327157.44123295427,4689736.261731245,19.0,T
1644337384196245097,527,1644337384195817947,,42.340693333333334,-71.09821166666667,7.9,327157.44123295427,4689736.261731245,19.0,T
1644337385185668750,528,1644337385185212850,,42.340693333333334,-71.09821166666667,7.9,327157.44123295427,4689736.261731245,19.0,T
1644337386186293832,529,1644337386185855388,,42.340693333333334,-71.09821166666667,7.9,327157.44123295427,4689736.261731245,19.0,T
1644337387188219127,530,1644337387187519788,,42.340693333333334,-71.09821166666667,7.9,327157.44123295427,4689736.261731245,19.0,T
1644337388203617649,531,1644337388203189134,,42.340693333333334,-71.09821166666667,7.9,327157.44123295427,4689736.261731245,19.0,T
1644337389206372487,532,1644337389205951690,,42.340693333333334,-71.09821166666667,7.9,327157.44123295427,4689736.261731245,19.0,T
1644337390197041363,533,1644337390196612834,,42.340693333333334,-71.09821166666667,7.9,327157.44123295427,4689736.261731245,19.0,T
1644337391210479447,534,1644337391209937810,,42.340693333333334,-71.09821166666667,7.9,327157.44123295427,4689736.261731245,19.0,T
1644337392207877051,535,1644337392207438230,,42.340693333333334,-71.09821166666667,7.9,327157.44123295427,4689736.261731245,19.0,T
1644337393189775710,536,1644337393189347982,,42.340693333333334,-71.09821166666667,7.9,327157.44123295427,4689736.261731245,19.0,T
1644337394209620959,537,1644337394208849906,,42.340693333333334,-71.09821166666667,7.9,327157.44123295427,4689736.261731245,19.0,T
1644337395210088185,538,1644337395209649085,,42.340693333333334,-71.09821166666667,7.9,327157.44123295427,4689736.261731245,19.0,T
1644337396203700931,539,1644337396203267335,,42.340693333333334,-71.09821166666667,7.9,327157.44123295427,4689736.261731245,19.0,T
1644337397192000363,540,1644337397191570758,,42.340693333333334,-71.09821166666667,7.9,327157.44123295427,4689736.261731245,19.0,T
1644337398192076593,541,1644337398191647291,,42.340693333333334,-71.09821166666667,7.9,327157.44123295427,4689736.261731245,19.0,T
1644337399211046426,542,1644337399210611104,,42.340693333333334,-71.09821166666667,7.9,327157.44123295427,4689736.261731245,19.0,T
1644337400206711849,543,1644337400206035614,,42.340693333333334,-71.09821166666667,7.9,327157.44123295427,4689736.261731245,19.0,T
1644337401196140289,544,1644337401195706367,,42.340693333333334,-71.09821166666667,7.9,327157.44123295427,4689736.261731245,19.0,T
1644337402190409231,545,1644337402189983606,,42.340693333333334,-71.09821166666667,7.8,327157.44123295427,4689736.261731245,19.0,T
1644337403196119588,546,1644337403195697069,,42.340693333333334,-71.09821166666667,7.8,327157.44123295427,4689736.261731245,19.0,T
1644337404195749267,547,1644337404195316791,,42.340693333333334,-71.09821166666667,7.8,327157.44123295427,4689736.261731245,19.0,T
1644337405213808986,548,1644337405213405132,,42.340693333333334,-71.09821166666667,7.8,327157.44123295427,4689736.261731245,19.0,T
1644337406196938690,549,1644337406196434974,,42.340693333333334,-71.09821166666667,7.8,327157.44123295427,4689736.261731245,19.0,T
1644337407193302702,550,1644337407192874431,,42.340693333333334,-71.09821166666667,7.8,327157.44123295427,4689736.261731245,19.0,T
1644337408199332405,551,1644337408198350906,,42.340693333333334,-71.09821166666667,7.8,327157.44123295427,4689736.261731245,19.0,T
1644337409199162269,552,1644337409198522567,,42.340693333333334,-71.09821166666667,7.8,327157.44123295427,4689736.261731245,19.0,T
1644337410198140566,553,1644337410197756052,,42.340695,-71.09821166666667,7.8,327157.4457998584,4689736.446802078,19.0,T
1644337411200901943,554,1644337411200036764,,42.340695,-71.09821166666667,7.8,327157.4457998584,4689736.446802078,19.0,T
1644337412199643835,555,1644337412199258804,,42.340695,-71.09821166666667,7.8,327157.4457998584,4689736.446802078,19.0,T
1644337413202805438,556,1644337413202370166,,42.340695,-71.09821166666667,7.8,327157.4457998584,4689736.446802078,19.0,T
1644337414200172142,557,1644337414199735403,,42.340695,-71.09821166666667,7.8,327157.4457998584,4689736.446802078,19.0,T
1644337415201284585,558,1644337415200850725,,42.340695,-71.09821166666667,7.8,327157.4457998584,4689736.446802078,19.0,T
1644337416201669171,559,1644337416201232194,,42.340695,-71.09821166666667,7.8,327157.4457998584,4689736.446802078,19.0,T
1644337417202289693,560,1644337417201851129,,42.340695,-71.09821166666667,7.8,327157.4457998584,4689736.446802078,19.0,T
1644337418202440033,561,1644337418201999187,,42.340695,-71.09821166666667,7.8,327157.4457998584,4689736.446802078,19.0,T
1644337419204477382,562,1644337419203823804,,42.340695,-71.09821166666667,7.8,327157.4457998584,4689736.446802078,19.0,T
1644337420203800814,563,1644337420203418731,,42.340695,-71.09821166666667,7.8,327157.4457998584,4689736.446802078,19.0,T
1644337421203457698,564,1644337421203018426,,42.340695,-71.09821166666667,7.8,327157.4457998584,4689736.446802078,19.0,T
1644337422204109434,565,1644337422203674554,,42.340695,-71.09821166666667,7.8,327157.4457998584,4689736.446802078,19.0,T
1644337423207251852,566,1644337423206367015,,42.340695,-71.09821166666667,7.8,327157.4457998584,4689736.446802078,19.0,T
1644337424200760820,567,1644337424200320005,,42.340695,-71.09821166666667,7.8,327157.4457998584,4689736.446802078,19.0,T
1644337425206991381,568,1644337425206440925,,42.340695,-71.09821166666667,7.8,327157.4457998584,4689736.446802078,19.0,T
1644337426206519874,569,1644337426206079721,,42.340695,-71.09821166666667,7.8,327157.4457998584,4689736.446802078,19.0,T
1644337427207746603,570,1644337427207305669,,42.340695,-71.09821166666667,7.8,327157.4457998584,4689736.446802078,19.0,T
1644337428226094134,571,1644337428225479841,,42.340695,-71.09821166666667,7.8,327157.4457998584,4689736.446802078,19.0,T
1644337429226782476,572,1644337429226147174,,42.340695,-71.09821166666667,7.8,327157.4457998584,4689736.446802078,19.0,T
1644337430226580122,573,1644337430225932836,,42.340695,-71.09821166666667,7.8,327157.4457998584,4689736.446802078,19.0,T
1644337431226444993,574,1644337431225982904,,42.340695,-71.09821166666667,7.8,327157.4457998584,4689736.446802078,19.0,T
1644337432225841019,575,1644337432225404262,,42.340695,-71.09821166666667,7.8,327157.4457998584,4689736.446802078,19.0,T
1644337433209471340,576,1644337433209088563,,42.340695,-71.09821166666667,7.8,327157.4457998584,4689736.446802078,19.0,T
1644337434228133652,577,1644337434227500200,,42.340695,-71.09821166666667,7.8,327157.4457998584,4689736.446802078,19.0,T
1644337435228776706,578,1644337435228340148,,42.340695,-71.09821166666667,7.8,327157.4457998584,4689736.446802078,19.0,T
1644337436210942730,579,1644337436210515975,,42.340695,-71.09821166666667,7.8,327157.4457998584,4689736.446802078,19.0,T
1644337437206738212,580,1644337437206313371,,42.340695,-71.09821166666667,7.8,327157.4457998584,4689736.446802078,19.0,T
1644337438205948068,581,1644337438205522060,,42.340695,-71.09821166666667,7.8,327157.4457998584,4689736.446802078,19.0,T
1644337439229554156,582,1644337439229125022,,42.340695,-71.09821166666667,7.8,327157.4457998584,4689736.446802078,19.0,T
1644337440230358791,583,1644337440229751348,,42.340695,-71.09821166666667,7.8,327157.4457998584,4689736.446802078,19.0,T
1644337441231773932,584,1644337441231194257,,42.340695,-71.09821166666667,7.7,327157.4457998584,4689736.446802078,19.0,T
1644337442232325077,585,1644337442231704235,,42.340693333333334,-71.09821166666667,7.7,327157.44123295427,4689736.261731245,19.0,T
1644337443227629234,586,1644337443227120876,,42.340693333333334,-71.09821166666667,7.7,327157.44123295427,4689736.261731245,19.0,T
1644337444214929063,587,1644337444214494943,,42.340693333333334,-71.09821166666667,7.7,327157.44123295427,4689736.261731245,19.0,T
1644337445232635194,588,1644337445232201576,,42.340693333333334,-71.09821166666667,7.7,327157.44123295427,4689736.261731245,19.0,T
1644337446233109712,589,1644337446232652425,,42.340693333333334,-71.09821166666667,7.7,327157.44123295427,4689736.261731245,19.0,T
1644337447234769618,590,1644337447234337568,,42.340693333333334,-71.09821166666667,7.7,327157.44123295427,4689736.261731245,19.0,T
1644337448212854186,591,1644337448211803436,,42.340693333333334,-71.09821166666667,7.7,327157.44123295427,4689736.261731245,19.0,T
1644337449237271766,592,1644337449236720085,,42.340693333333334,-71.09821166666667,7.7,327157.44123295427,4689736.261731245,19.0,T
1644337450234953701,593,1644337450234565734,,42.340693333333334,-71.09821166666667,7.7,327157.44123295427,4689736.261731245,19.0,T
1644337451219412732,594,1644337451219104766,,42.340693333333334,-71.09821166666667,7.7,327157.44123295427,4689736.261731245,19.0,T
1644337452219645162,595,1644337452219261646,,42.340693333333334,-71.09821166666667,7.7,327157.44123295427,4689736.261731245,19.0,T
1644337453221759282,596,1644337453220884561,,42.340693333333334,-71.09821166666667,7.7,327157.44123295427,4689736.261731245,19.0,T
1644337454220239410,597,1644337454219871997,,42.340693333333334,-71.09821166666667,7.7,327157.44123295427,4689736.261731245,19.0,T
